Link,Screen,Do_phan_giais,Tan_so_quets,Do_phu_mau,Screen_Technologys
//www.thegioididong.com/laptop/macbook-air-15-inch-m4-32gb-1tb,"15.3""",Liquid Retina,Hãng không công bố,"Wide color (P3)
Công nghệ IPS
500 nits brightness
True Tone Technology
1 tỷ màu",Không có
//www.thegioididong.com/laptop/dell-inspiron-14-5440-core-7-n4i7204w1,Không có,Không có,Không có,Không có,Không có
//www.thegioididong.com/laptop/hp-pavilion-15-eg3095tu-i5-8c5l6pa?utm_flashsale=1,"15.6""",Full HD (1920 x 1080),60Hz,45% NTSC,"Tấm nền IPS
Chống chói Anti Glare
250 nits"
//www.thegioididong.com/laptop/hp-pavilion-x360-14-ek2024tu-core-5-9z2v6pa,"14""",Full HD (1920 x 1080),60Hz,62.5% sRGB,"Tấm nền IPS
Độ sáng 300 nits"
//www.thegioididong.com/laptop/dell-inspiron-15-3520-i5-71027003?utm_flashsale=1,"15.6""",Full HD (1920 x 1080),120Hz,"Chống chói Anti Glare
250 nits
WVA",Không có
//www.thegioididong.com/laptop/hp-probook-450-g10-i5-9h1n5pt?utm_flashsale=1,"15.6""",Full HD (1920 x 1080),60Hz,45% NTSC,"Tấm nền IPS
Chống chói Anti Glare"
//www.thegioididong.com/laptop/dell-inspiron-15-3530-i7-71026454,"15.6""",Full HD (1920 x 1080),120Hz,WVA,Không có
//www.thegioididong.com/laptop/asus-vivobook-s-14-oled-s5406ma-ultra-5-pp136w,"14""",10,120Hz,100% DCI-P3,"Chuẩn DisplayHDR True Black 600
Low Blue Light
Màn hình OLED
400 nits
600 nits (Khi bật HDR)
1.07 tỷ màu"
//www.thegioididong.com/laptop/msi-modern-15-b12mo-i5-628vn,"15.6""",Full HD (1920 x 1080),60Hz,45% NTSC,Tấm nền IPS
//www.thegioididong.com/laptop/asus-vivobook-k3605zc-i5-rp629w?utm_flashsale=1,"16""",WUXGA,144Hz,45% NTSC,"Chống chói Anti Glare
LED Backlit
Độ sáng 300 nits"
//www.thegioididong.com/laptop/acer-predator-helios-neo-16s-ai-phn16s-71-94t0-ultra-9-nhqx7sv001,Không có,Không có,Không có,Không có,Không có
//www.thegioididong.com/laptop/hp-240-g8-i3-6l1a2pa?utm_flashsale=1,"14""",Full HD (1920 x 1080),60Hz,"Tấm nền IPS
Chống chói Anti Glare
250 nits",Không có
//www.thegioididong.com/laptop/lenovo-ideapad-1-15alc7-r7-82r400c1vn,"15.6""",Full HD (1920 x 1080),144Hz,45% NTSC,"Tấm nền IPS
Chống chói Anti Glare
250 nits"
//www.thegioididong.com/laptop/hp-gaming-victus-16-s0077ax-r7-8c5n6pa?utm_flashsale=1,"16.1""",Liquid Retina (2560 x 1664),Hãng không công bố,"Wide color (P3)
Công nghệ IPS
500 nits brightness
True Tone Technology
1 tỷ màu",Không có
//www.thegioididong.com/laptop/macbook-air-13-inch-m4-16gb-256gb,"13.6""",Liquid Retina (2560 x 1664),Hãng không công bố,"Wide color (P3)
Công nghệ IPS
500 nits brightness
True Tone Technology
1 tỷ màu",Không có
//www.thegioididong.com/laptop/macbook-air-13-inch-m4-24gb-256gb,"13.6""",Full HD (1920 x 1080),60Hz,45% NTSC,"Tấm nền IPS
Chống chói Anti Glare
250 nits"
//www.thegioididong.com/laptop/hp-240-g9-i3-ag2j5at,"14""",WUXGA,60Hz,100% sRGB,"Tấm nền IPS
Chống chói Anti Glare
400 nits"
//www.thegioididong.com/laptop/hp-elitebook-635-aero-g11-r7-a8ws7pt,"13.3""",Full HD (1920 x 1080),120Hz,"Chống chói Anti Glare
WVA",Không có
//www.thegioididong.com/laptop/dell-inspiron-15-3520-i5-n3520-i5u085w11slu,"15.6""",10,120Hz,100% DCI-P3,"Thời gian phản hồi 0.2 ms
Màn hình bảo vệ mắt - EYE CARE
Chuẩn DisplayHDR True Black 500
Low Blue Light
400 nits
500 nits (Khi bật HDR)
1.07 tỷ màu"
//www.thegioididong.com/laptop/asus-zenbook-14-ux3405ca-ultra-9-pz204ws,"14""",WUXGA,60Hz,45% NTSC,"Low Blue Light
Tấm nền IPS
Chống chói Anti Glare
Độ sáng 300 nits"
//www.thegioididong.com/laptop/lenovo-thinkpad-e14-ultra-5-21m7004lvn,"14""",Full HD (1920 x 1080),60Hz,45% NTSC,"Low Blue Light
Tấm nền IPS
Chống chói Anti Glare"
//www.thegioididong.com/laptop/lenovo-v15-g4-iru-i5-83a1000lvn?utm_flashsale=1,"15.6""",Full HD (1920 x 1080),60Hz,"Tấm nền TN
Chống chói Anti Glare",Không có
//www.thegioididong.com/laptop/asus-vivobook-14-x1404va-i5-nk050w,"14""",Full HD (1920 x 1080),165 Hz,100% sRGB,"G-Sync
Độ sáng 300 nits
WVA
ComfortView Plus"
//www.thegioididong.com/laptop/dell-g15-5530-i9-i9hx161w11gr4060,"15.6""",10,120Hz,100% DCI-P3,"Thời gian phản hồi 0.2 ms
Chuẩn DisplayHDR True Black 500
Low Blue Light
Màn hình OLED
400 nits
500 nits (Khi bật HDR)
1.07 tỷ màu"
//www.thegioididong.com/laptop/asus-zenbook-duo-ux8406ca-ultra-9-pz109ws,"14""",HD (1366 x 768),60Hz,45% NTSC,Chống chói Anti Glare
//www.thegioididong.com/laptop/samsung-galaxy-chromebook-go-xe340xda-n4500,"14""",2.8K (2880 x 1800) - OLED,120Hz,100% DCI-P3,"Low Blue Light
Màn hình OLED
400 nits"
//www.thegioididong.com/laptop/hp-omen-14-fb0135tx-ultra-7-ay8v1pa,"14""",WUXGA,60Hz,45% NTSC,"Tấm nền IPS
Chống chói Anti Glare
Độ sáng 300 nits"
//www.thegioididong.com/laptop/lenovo-ideapad-slim-3-15irh10-i5-83k1000hvn,"15.3""",Full HD (1920 x 1080),60Hz,45% NTSC,"Tấm nền IPS
Acer ComfyView"
//www.thegioididong.com/laptop/acer-aspire-5-a515-58m-56yx-i5-nxkq8sv005,"15.6""",Full HD (1920 x 1080),60Hz,45% NTSC,"Acer ComfyView
250 nits"
//www.thegioididong.com/laptop/acer-aspire-5-a515-58m-79r7-i7-nxkq8sv007,"15.6""","WUXGA, OLED",60Hz,100% DCI-P3,"Low Blue Light
Màn hình OLED
400 nits"
//www.thegioididong.com/laptop/lenovo-ideapad-5-2in1-14q8x9-x1p-42-100-83gh001fvn,"14""",Full HD (1920 x 1080),60Hz,45% NTSC,"Chống chói Anti Glare
250 nits"
//www.thegioididong.com/laptop/dell-latitude-3440-i5-l3440i51235u16g512g,"14""",Liquid Retina,Hãng không công bố,"Wide color (P3)
Công nghệ IPS
500 nits brightness
True Tone Technology
1 tỷ màu",Không có
//www.thegioididong.com/laptop/macbook-air-15-inch-m4-16gb-256gb,"15.3""",Full HD (1920 x 1080),144Hz,100% sRGB,"G-Sync
Tấm nền IPS
Chống chói Anti Glare
Độ sáng 300 nits"
//www.thegioididong.com/laptop/lenovo-loq-15iax9-i5-83gs001qvn,"15.6""",Full HD+,60Hz,45% NTSC,"TFT
Chống chói Anti Glare
LED Backlit
Acer ComfyView"
//www.thegioididong.com/laptop/acer-aspire-16-ai-a16-71m-59l5-ultra-5-nxj4ysv001,"16""",2.8K (2880 x 1800),120Hz,"100% sRGB
100% DCI-P3","Low Blue Light
Eyesafe
Tấm nền IPS
anti-fingerprint
500 nits brightness
Dolby Vision"
//www.thegioididong.com/laptop/lenovo-yoga-slim-7-15ill9-ultra-7-83hm000gvn,"15.3""","WUXGA, OLED",60Hz,100% DCI-P3,"Chuẩn DisplayHDR True Black 500
Low Blue Light
Màn hình OLED
400 nits"
//www.thegioididong.com/laptop/lenovo-ideapad-slim-5-14imh9-ultra-5-83da001nvn,"14""",Full HD (1920 x 1080),60Hz,45% NTSC,"Tấm nền IPS
Chống chói Anti Glare"
//www.thegioididong.com/laptop/hp-probook-450-g10-i7-9h8h1pt?utm_flashsale=1,"15.6""",10,120Hz,100% DCI-P3,"Chuẩn DisplayHDR True Black 500
Low Blue Light
Eyesafe
Màn hình OLED
Dolby Vision
400 nits"
//www.thegioididong.com/laptop/lenovo-yoga-pro-7-14imh9-ultra-7-83e2006mvn,"14.5""",Full HD (1920 x 1080),60Hz,45% NTSC,"Tấm nền IPS
Chống chói Anti Glare
250 nits"
//www.thegioididong.com/laptop/dell-latitude-3450-i5-l34501335u16512w,"14""",Full HD (1920 x 1080),144Hz,100% sRGB,"Low Blue Light
G-Sync
Tấm nền IPS
Chống chói Anti Glare
Độ sáng 300 nits"
//www.thegioididong.com/laptop/lenovo-loq-15irx9-i7-83dv00ugvn,"15.6""",Full HD (1920 x 1080),60Hz,45% NTSC,"Chống chói Anti Glare
LED Backlit"
//www.thegioididong.com/laptop/asus-vivobook-15-x1504za-i3-nj102w,"15.6""",Full HD (1920 x 1080),120Hz,WVA,Không có
//www.thegioididong.com/laptop/dell-inspiron-15-3520-i5-71043883,"15.6""",Không có,Không có,Không có,Không có
//www.thegioididong.com/laptop/msi-raider-18-hx-ai-a2xwig-ultra-9-033vn,Không có,Full HD (1920 x 1080),144Hz,45% NTSC,"Tấm nền IPS
Chống chói Anti Glare"
//www.thegioididong.com/laptop/msi-katana-15-b13udxk-i7-2077vn,"15.6""",10,120Hz,100% DCI-P3,"Thời gian phản hồi 0.2 ms
Màn hình bảo vệ mắt - EYE CARE
Low Blue Light
LED Backlit
Màn hình OLED
400 nits
600 nits (Khi bật HDR)
1.07 tỷ màu"
//www.thegioididong.com/laptop/lenovo-yoga-7-14imh9-ultra7-83cv001vvn,"14""",WUXGA,60Hz,"Tấm nền IPS
Acer ComfyView",Không có
//www.thegioididong.com/laptop/asus-zenbook-14-oled-ux3405ma-ultra-5-pp151w,"14""",Full HD (1920 x 1080),144Hz,45% NTSC,"Tấm nền IPS
Chống chói Anti Glare
250 nits"
//www.thegioididong.com/laptop/acer-aspire-5-a514-56p-54tn-i5-nxkhrsv004,"14""",Full HD (1920 x 1080),60Hz,45% NTSC,"Tấm nền IPS
Chống chói Anti Glare
250 nits"
//www.thegioididong.com/laptop/hp-gaming-victus-16-r0128tx-i5-8c5n3pa,"16.1""",Full HD (1920 x 1080),144Hz,100% sRGB,"Tấm nền IPS
Chống chói Anti Glare
Độ sáng 300 nits"
//www.thegioididong.com/laptop/hp-elitebook-630-g10-i5-19j0b4pt?utm_flashsale=1,"13.3""",Full HD (1920 x 1080),144Hz,"45% NTSC
Tấm nền IPS",Không có
//www.thegioididong.com/laptop/lenovo-loq-15iax9e-i5-83lk0036vn,"15.6""",Full HD (1920 x 1080),144Hz,"Tấm nền IPS
LED Backlit
Acer ComfyView",Không có
//www.thegioididong.com/laptop/msi-bravo-15-b7ed-r5-010vn,"15.6""",WUXGA,165 Hz,100% sRGB,"Acer ComfyView
400 nits"
//www.thegioididong.com/laptop/acer-nitro-5-tiger-an515-58-52sp-i5-nhqfhsv001,"15.6""",Full HD (1920 x 1080),120Hz,"Chống chói Anti Glare
LED Backlit
250 nits
WVA",Không có
//www.thegioididong.com/laptop/acer-predator-helios-neo-phn16-71-53m7-i5-nhqlusv005,"16""",Full HD (1920 x 1080),60Hz,45% NTSC,"Chống chói Anti Glare
250 nits"
//www.thegioididong.com/laptop/dell-inspiron-15-3520-i5-n3520i5u165w11blufp,"15.6""",Full HD (1920 x 1080),60Hz,45% NTSC,"Tấm nền IPS
Chống chói Anti Glare
250 nits"
//www.thegioididong.com/laptop/hp-15-fc0085au-r5-a6vv8pa,"15.6""",WUXGA,60Hz,45% NTSC,"Tấm nền IPS
Chống chói Anti Glare
400 nits"
//www.thegioididong.com/laptop/hp-elitebook-630-g10-i5-9j0b5pt,"13.3""",Full HD (1920 x 1080),144Hz,45% NTSC,Tấm nền IPS
//www.thegioididong.com/laptop/lenovo-thinkpad-t14s-ultra-5-21ls005rvn,"14""",Full HD (1920 x 1080),120Hz,45% NTSC,"Chống chói Anti Glare
LED Backlit
WVA"
//www.thegioididong.com/laptop/msi-gaming-katana-a15-ai-b8vf-r7-419vn,"15.6""",Liquid Retina (2560 x 1664),Hãng không công bố,"Wide color (P3)
Công nghệ IPS
500 nits brightness
True Tone Technology
1 tỷ màu",Không có
//www.thegioididong.com/laptop/dell-inspiron-15-3530-i5-n5i5530w1,"15.6""",Full HD+ (1920 x 1200),60Hz,"Chống chói Anti Glare
250 nits
WVA
ComfortView Plus",Không có
//www.thegioididong.com/laptop/macbook-air-13-inch-m4-16gb-1tb,"13.6""",WUXGA,60Hz,45% NTSC,"Tấm nền IPS
Chống chói Anti Glare
Độ sáng 300 nits"
//www.thegioididong.com/laptop/dell-inspiron-16-5640-core-7-khpf5,"16""",Full HD (1920 x 1080),144Hz,45% NTSC,"LED Backlit
Acer ComfyView
250 nits"
//www.thegioididong.com/laptop/lenovo-ideapad-slim-3-15irh10-i7-83k1000fvn,"15.3""",10,165 Hz,100% DCI-P3,Tấm nền IPS
//www.thegioididong.com/laptop/acer-nitro-an515-58-773y-i7-12700h-nhqfksv00116g,"15.6""",Liquid Retina,Hãng không công bố,"Wide color (P3)
Công nghệ IPS
500 nits brightness
True Tone Technology
1 tỷ màu",Không có
//www.thegioididong.com/laptop/msi-creator-z17-hx-studio-a14vgt-i7-272vn,"17""",Full HD (1920 x 1080),60Hz,"Low Blue Light
Tấm nền IPS
Chống chói Anti Glare
Độ sáng 300 nits",Không có
//www.thegioididong.com/laptop/macbook-air-15-inch-m4-16gb-512gb,"15.3""",Full HD (1920 x 1080),60Hz,45% NTSC,"Tấm nền IPS
Chống chói Anti Glare"
//www.thegioididong.com/laptop/lenovo-ideapad-slim-3-15irh8-i7-83em003fvn,"15.6""",WUXGA,60Hz,"Tấm nền IPS
Chống chói Anti Glare
LED Backlit
Độ sáng 300 nits",Không có
//www.thegioididong.com/laptop/msi-modern-15-f13mg-i5-082vn,"15.6""",Liquid Retina XDR display (3024 x 1964),up to 120 Hz,"ProMotion
Độ sáng XDR: toàn màn hình 1000 nits, cao nhất 1600 nits (chỉ nội dung HDR)
Độ sáng SDR: lên đến 1000 nits
Wide color (P3)
True Tone Technology
1 tỷ màu",Không có
//www.thegioididong.com/laptop/asus-vivobook-14-a1405va-i3-ly097w?utm_flashsale=1,"14""",Full HD (1920 x 1080),120Hz,"Chống chói Anti Glare
LED Backlit
250 nits
WVA",Không có
//www.thegioididong.com/laptop/macbook-pro-14-inch-m4-16gb-1tb,"14.2""",Không có,Không có,Không có,Không có
//www.thegioididong.com/laptop/dell-vostro-15-3520-i5-i5u165w11gru?utm_flashsale=1,"15.6""",Liquid Retina (2560 x 1664),Hãng không công bố,"Wide color (P3)
500 nits brightness
True Tone Technology
1 tỷ màu",Không có
//www.thegioididong.com/laptop/macbook-air-13-inch-m4-32gb-1tb,Không có,Liquid Retina (2560 x 1664),Hãng không công bố,"Wide color (P3)
Công nghệ IPS
500 nits brightness
True Tone Technology
1 tỷ màu",Không có
//www.thegioididong.com/laptop/apple-macbook-air-m2-2022-16gb-256gb-10gpu,"13.6""",10,120Hz,100% DCI-P3,"Thời gian phản hồi 0.2 ms
Màn hình bảo vệ mắt - EYE CARE
Chuẩn DisplayHDR True Black 500
Low Blue Light
Màn hình OLED
400 nits
500 nits (Khi bật HDR)
1.07 tỷ màu"
//www.thegioididong.com/laptop/macbook-air-13-inch-m4-32gb-256gb,"13.6""",2.8K (2880 x 1800) - OLED,48 - 120 Hz,100% DCI-P3,"LED UWVA
Thời gian phản hồi 0.2 ms
Low Blue Light
Corning Gorilla Glass 3
Màn hình OLED
400 nits
500 nits (Khi bật HDR)"
//www.thegioididong.com/laptop/asus-zenbook-14-ux3405ca-ultra-5-pz187ws,"14""",Full HD (1920 x 1080),60Hz,"BrightView
Tấm nền IPS",Không có
//www.thegioididong.com/laptop/hp-envy-x360-14-fc0162tu-ultra-5-ay8x1pa,"14""",QHD+ (2560 x 1600),60Hz,"Anti-Reflective
Eyesafe
500 nits brightness",Cảm ứng
//www.thegioididong.com/laptop/hp-pavilion-15-eg2088tu-i7-7c0r0pa?utm_flashsale=1,"15.6""",WUXGA,60Hz,100% sRGB,"Tấm nền IPS
Chống chói Anti Glare
400 nits"
//www.thegioididong.com/laptop/dell-xps-13-9340-ultra-7-hxrgt,"13.4""",Liquid Retina (2560 x 1664),Hãng không công bố,"Wide color (P3)
Công nghệ IPS
500 nits brightness
True Tone Technology
1 tỷ màu",Không có
//www.thegioididong.com/laptop/hp-elitebook-x360-830-g11-ultra-5-a7rb9pt,"13.3""",Full HD (1920 x 1080),144Hz,"Tấm nền IPS
LED Backlit
Acer ComfyView",Không có
//www.thegioididong.com/laptop/macbook-air-13-inch-m4-24gb-1tb,"13.6""",Full HD (1920 x 1080),60Hz,45% NTSC,"Tấm nền IPS
Chống chói Anti Glare
250 nits"
//www.thegioididong.com/laptop/acer-nitro-5-an515-58-769j-i7-nhqfhsv003,"15.6""",Liquid Retina,Hãng không công bố,"Wide color (P3)
Công nghệ IPS
500 nits brightness
True Tone Technology
1 tỷ màu",Không có
//www.thegioididong.com/laptop/dell-latitude-5450-ultra-5-l5450125u16512w,"14""",Full HD (1920 x 1080),144Hz,100% sRGB,"Tấm nền IPS
Chống chói Anti Glare
Độ sáng 300 nits"
//www.thegioididong.com/laptop/macbook-air-15-inch-m4-16gb-1tb,"15.3""",Liquid Retina,Hãng không công bố,"Wide color (P3)
Công nghệ IPS
500 nits brightness
True Tone Technology
1 tỷ màu",Không có
//www.thegioididong.com/laptop/lenovo-loq-15iax9e-i5-83lk000bvn,"15.6""",Full HD (1920 x 1080),60Hz,45% NTSC,"Tấm nền IPS
Chống chói Anti Glare
250 nits"
//www.thegioididong.com/laptop/macbook-air-15-inch-m4-32gb-512gb,"15.3""",Full HD+ (1920 x 1200),165 Hz,100% sRGB,"G-Sync
Tấm nền IPS
Chống chói Anti Glare
250 nits
Dolby Vision"
//www.thegioididong.com/laptop/dell-latitude-5350-ultra-7-165u-vpro-l5350165u16512w,"13.3""",Full HD (1920 x 1080),120Hz,WVA,Không có
//www.thegioididong.com/laptop/asus-rog-strix-g16-g614jv-i7-n3515w,"16""",Full HD (1920 x 1080),144Hz,45% NTSC,"Tấm nền IPS
Chống chói Anti Glare
250 nits"
//www.thegioididong.com/laptop/dell-inspiron-15-3520-i7-n3520i7u165w11blufp,"15.6""",Full HD (1920 x 1080),165 Hz,100% sRGB,"G-Sync
Độ sáng 300 nits
WVA
ComfortView Plus"
//www.thegioididong.com/laptop/hp-victus-16-s0078ax-r5-8c5n7pa?utm_flashsale=1,"16.1""","WUXGA, OLED",60Hz,100% DCI-P3,"Chuẩn DisplayHDR True Black 500
Low Blue Light
anti-fingerprint
Màn hình OLED
Dolby Vision
400 nits"
//www.thegioididong.com/laptop/dell-g15-5530-i7-i7hx161w11gr4060,"15.6""",Full HD (1920 x 1080),120Hz,"Chống chói Anti Glare
LED Backlit
WVA",Không có
//www.thegioididong.com/laptop/lenovo-yoga-7-2in1-14iml9-ultra-5-83dj00dmvn,"14""",Full HD (1920 x 1080),120Hz,"Chống chói Anti Glare
250 nits
WVA",Không có
//www.thegioididong.com/laptop/dell-inspiron-15-3530-i7-p16wd,"15.6""",Full HD (1920 x 1080),120Hz,"Chống chói Anti Glare
LED Backlit
250 nits
WVA",Không có
//www.thegioididong.com/laptop/dell-inspiron-15-3520-i5-25p231,"15.6""",WQXGA (2560 x 1600),240Hz,100% DCI-P3,"Low Blue Light
G-Sync
Tấm nền IPS
Chống chói Anti Glare
500 nits brightness
Dolby Vision"
//www.thegioididong.com/laptop/dell-inspiron-15-3530-i7-n3530i7u161w11blufp,"15.6""",Full HD (1920 x 1080),144Hz,45% NTSC,"Tấm nền IPS
Chống chói Anti Glare"
//www.thegioididong.com/laptop/lenovo-legion-pro-5-16irx9-i9-83df0047vn,"16""",Full HD (1920 x 1080),60Hz,45% NTSC,"Tấm nền IPS
Acer ComfyView
250 nits"
//www.thegioididong.com/laptop/msi-thin-15-b12ucx-i5-2046vn,"15.6""",Không có,Không có,Không có,Không có
//www.thegioididong.com/laptop/acer-aspire-a515-58gm-53pz-i5-nxkq4sv008,"15.6""",Full HD (1920 x 1080),144Hz,100% sRGB,"Low Blue Light
G-Sync
Tấm nền IPS
Chống chói Anti Glare
Độ sáng 300 nits"
//www.thegioididong.com/laptop/acer-predator-helios-18-ai-ph18-73-93p0-ultra-9-nhqvysv001,Không có,Full HD (1920 x 1080),144Hz,"Tấm nền IPS
Chống chói Anti Glare
Adaptive-Sync
250 nits",Không có
//www.thegioididong.com/laptop/lenovo-loq-15iax9-i5-83gs00d9vn,"15.6""",WUXGA,60Hz,45% NTSC,"Low Blue Light
Tấm nền IPS
Chống chói Anti Glare
Độ sáng 300 nits"
//www.thegioididong.com/laptop/asus-tuf-gaming-fx517ze-i5-hn045w,"15.6""",Full HD (1920 x 1080),60Hz,"TFT
LED Backlit
Acer ComfyView",Không có
//www.thegioididong.com/laptop/acer-nitro-5-tiger-an515-58-773y-i7-nhqfksv001,"15.6""",Full HD (1920 x 1080),144Hz,45% NTSC,"Tấm nền IPS
Chống chói Anti Glare
250 nits"
//www.thegioididong.com/laptop/lenovo-ideapad-5-14iah8-i5-83bf003wvn,"14""",Full HD (1920 x 1080),144Hz,45% NTSC,"Tấm nền IPS
Chống chói Anti Glare
250 nits"
//www.thegioididong.com/laptop/acer-aspire-3-a315-59-5283-i5-nxk6tsv00b,"15.6""",Full HD (1920 x 1080),144Hz,100% sRGB,"Low Blue Light
G-Sync
Tấm nền IPS
Chống chói Anti Glare
Độ sáng 300 nits"
//www.thegioididong.com/laptop/hp-victus-16-r0227tx-i5-9q978pa,"16.1""",Full HD+ (1920 x 1200),60Hz,"Display with ComfortView
Chống chói Anti Glare
250 nits
WVA",Không có
//www.thegioididong.com/laptop/msi-cyborg-15-a13vek-i7-1423vn,"15.6""",2.8K (2880 x 1800) - OLED,120Hz,100% DCI-P3,"Thời gian phản hồi 0.2 ms
Low Blue Light
Màn hình OLED
400 nits
500 nits (Khi bật HDR)
1.07 tỷ màu"
//www.thegioididong.com/laptop/lenovo-loq-15iax9-i5-83jc003yvn,"15.6""",WQXGA (2560 x 1600),60Hz,99% DCI-P3,"350 nits
Chống chói Anti Glare"
//www.thegioididong.com/laptop/dell-inspiron-14-5440-i5-ndy5v1,"14""",Full HD (1920 x 1080),144Hz,45% NTSC,"Tấm nền IPS
Acer ComfyView
250 nits"
//www.thegioididong.com/laptop/hp-spectre-x360-14-eu0050tu-ultra-7-a19blpa,"14""",Full HD (1920 x 1080),144Hz,62.5% sRGB,"Tấm nền IPS
Chống chói Anti Glare
Adaptive-Sync"
//www.thegioididong.com/laptop/lg-gram-16z90s-ultra-7-16z90sgah76a5,"16""",Full HD (1920 x 1080),144Hz,"62.5% sRGB
47.34% Adobe RGB
45% NTSC","Tấm nền IPS
Chống chói Anti Glare
Adaptive-Sync
250 nits"
//www.thegioididong.com/laptop/acer-nitro-v-anv15-51-55ca-i5-nhqn8sv004,"15.6""",WUXGA,60Hz,45% NTSC,"Tấm nền IPS
Chống chói Anti Glare
LED Backlit
Độ sáng 300 nits"
//www.thegioididong.com/laptop/asus-tuf-gaming-f15-fx507zc4-i5-hn229w?utm_flashsale=1,"15.6""",10,120Hz,100% DCI-P3,"Chuẩn DisplayHDR True Black 600
Low Blue Light
400 nits
600 nits (Khi bật HDR)
1.07 tỷ màu"
//www.thegioididong.com/laptop/asus-fa506nfr-r7-hn113w,"15.6""",Liquid Retina (2560 x 1664),Hãng không công bố,"Wide color (P3)
Công nghệ IPS
500 nits brightness
True Tone Technology
1 tỷ màu",Không có
//www.thegioididong.com/laptop/asus-vivobook-16-m1607ka-r7-ai-350-mb091ws,"16""",Full HD (1920 x 1080),60Hz,45% NTSC,"Low Blue Light
Tấm nền IPS
Chống chói Anti Glare
Độ sáng 300 nits"
//www.thegioididong.com/laptop/asus-vivobook-s-16-s5606ca-ultra-5-ri114ws,"16""",QHD+ (2560 x 1600),120Hz,100% DCI-P3,"Anti-Reflective
500 nits brightness"
//www.thegioididong.com/laptop/macbook-air-13-inch-m4-16gb-512gb,"13.6""",4K/UHD+ (3840 x 2400),120Hz,100% DCI-P3,"Tấm nền IPS
Độ sáng 1000 nits
Mini LED"
//www.thegioididong.com/laptop/lenovo-v15-g5-irl-core-5-83hf0000vn?utm_flashsale=1,"15.6""",2.8K (2880 x 1800),120Hz,100% sRGB,"Tấm nền IPS
Acer ComfyView
400 nits"
//www.thegioididong.com/laptop/dell-xps-13-9350-ultra-7-xpsu7016w1,"13.4""",10,60Hz,100% DCI-P3,"Chuẩn DisplayHDR True Black 500
Màn hình OLED"
//www.thegioididong.com/laptop/msi-stealth-a16-ai-a3xvgg-r9-ai-hx-370-208vn,"16""",Full HD (1920 x 1080),165 Hz,45% NTSC,"Tấm nền IPS
Acer ComfyView"
//www.thegioididong.com/laptop/acer-swift-go-14-ai-73-53x7-ultra-5-nxkslsv001,"14""",Full HD (1920 x 1080),144Hz,"62.5% sRGB
47.34% Adobe RGB
45% NTSC","Tấm nền IPS
Chống chói Anti Glare
Adaptive-Sync
250 nits"
//www.thegioididong.com/laptop/msi-prestige-13-ai-evo-a1mg-ultra-7-062vn,"13.3""",Full HD (1920 x 1080),60Hz,45% NTSC,"Tấm nền IPS
Chống chói Anti Glare
250 nits"
//www.thegioididong.com/laptop/acer-nitro-v-15-anv15-41-r1jy-r5-nhqpfsv001,"15.6""",Full HD (1920 x 1080),144Hz,"100% sRGB
75.35% Adobe RGB
72% NTSC","G-Sync
Tấm nền IPS
Chống chói Anti Glare
250 nits"
//www.thegioididong.com/laptop/asus-fx507zc4-i7-hn181w,"15.6""",Full HD (1920 x 1080),60Hz,45% NTSC,"Chống chói Anti Glare
LED Backlit
250 nits"
//www.thegioididong.com/laptop/hp-pavilion-15-eg3093tu-i5-8c5l4pa,"15.6""","WUXGA, OLED",60Hz,100% DCI-P3,"Màn hình OLED
400 nits"
//www.thegioididong.com/laptop/asus-fa507nvr-r7-lp007w,"15.6""",Liquid Retina XDR display (3024 x 1964),up to 120 Hz,"ProMotion
Độ sáng XDR: toàn màn hình 1000 nits, cao nhất 1600 nits (chỉ nội dung HDR)
Độ sáng SDR: lên đến 1000 nits
Wide color (P3)
True Tone Technology
1 tỷ màu",Không có
//www.thegioididong.com/laptop/asus-vivobook-x1404za-i3-nk246w,"14""",Full HD (1920 x 1080),144Hz,45% NTSC,"Tấm nền IPS
Acer ComfyView"
//www.thegioididong.com/laptop/lenovo-ideapad-slim-5-14q8x9-x1p-42-100-83hl000kvn,"14""",Full HD+ (1920 x 1200),60Hz,45% NTSC,"TFT
LED Backlit
Acer ComfyView
Độ sáng 300 nits"
//www.thegioididong.com/laptop/macbook-pro-14-inch-m4-pro-24gb-512gb?utm_flashsale=1,"14.2""",Full HD (1920 x 1080),60Hz,45% NTSC,"Chống chói Anti Glare
250 nits
WVA"
//www.thegioididong.com/laptop/acer-nitro-v-anv15-51-58an-i5-nhqnasv001,"15.6""",Full HD (1920 x 1080),60Hz,"Tấm nền IPS
Chống chói Anti Glare",Không có
//www.thegioididong.com/laptop/acer-aspire-lite-14-51m-36mh-i3-nxktvsv001,"14""",Full HD (1920 x 1080),120Hz,45% NTSC,"Chống chói Anti Glare
250 nits
WVA"
//www.thegioididong.com/laptop/dell-latitude-3440-i7-71038103?utm_flashsale=1,"14""",WUXGA,60Hz,100% sRGB,"Tấm nền IPS
Chống chói Anti Glare
Độ sáng 300 nits"
//www.thegioididong.com/laptop/msi-modern-15-b12mo-i7-487vn,"15.6""",WUXGA,60Hz,45% NTSC,"Tấm nền IPS
Chống chói Anti Glare
Độ sáng 300 nits"
//www.thegioididong.com/laptop/dell-inspiron-15-3530-i7-n5i7301w1,"15.6""",WUXGA,165 Hz,100% sRGB,"TFT
LED Backlit
Acer ComfyView"
//www.thegioididong.com/laptop/lenovo-thinkpad-x13-ultra-7-21lu004lvn,"13.3""",WUXGA,60Hz,45% NTSC,"Tấm nền IPS
Chống chói Anti Glare
LED Backlit
Độ sáng 300 nits"
//www.thegioididong.com/laptop/lenovo-thinkpad-e14-ultra-7-21m7004uvn,"14""",2.8K (2880 x 1800) - OLED,48 - 120 Hz,100% DCI-P3,"LED UWVA
Thời gian phản hồi 0.2 ms
Low Blue Light
Corning Gorilla Glass 3
Màn hình OLED
400 nits
500 nits (Khi bật HDR)"
//www.thegioididong.com/laptop/acer-nitro-v-16-propanel-anv16-41-r6zy-r5-nhqp2sv002,"16""",Full HD (1920 x 1080),144Hz,45% NTSC,"Tấm nền IPS
Chống chói Anti Glare"
//www.thegioididong.com/laptop/asus-vivobook-16-a1607ca-ultra-5-mb038ws,"16""",Full HD+ (1920 x 1200),60Hz,45% NTSC,"LED Backlit
Acer ComfyView
WVA"
//www.thegioididong.com/laptop/hp-envy-x360-14-fc0153tu-ultra-7-ay8v4pa?utm_flashsale=1,"14""",Full HD (1920 x 1080),60Hz,45% NTSC,"Chống chói Anti Glare
LED Backlit
250 nits"
//www.thegioididong.com/laptop/msi-gf63-thin-12ve-i5-460vn,"15.6""",Liquid Retina XDR display (3024 x 1964),up to 120 Hz,"ProMotion
Độ sáng XDR: toàn màn hình 1000 nits, cao nhất 1600 nits (chỉ nội dung HDR)
Độ sáng SDR: lên đến 1000 nits
Wide color (P3)
True Tone Technology
1 tỷ màu",Không có
//www.thegioididong.com/laptop/acer-swift-lite-14-ai-sfl14-51m-56hs-ultra-5-nxj1hsv002,"14""",Không có,Không có,Không có,Không có
//www.thegioididong.com/laptop/asus-vivobook-15-x1504va-i3-nj1634w?utm_flashsale=1,"15.6""",Full HD (1920 x 1080),144Hz,"100% sRGB
75.35% Adobe RGB
72% NTSC","G-Sync
Chống chói Anti Glare
250 nits"
//www.thegioididong.com/laptop/macbook-pro-14-inch-m4-pro-48gb-512gb,"14.2""",WUXGA,60Hz,45% NTSC,"Low Blue Light
Tấm nền IPS
Chống chói Anti Glare
Độ sáng 300 nits"
//www.thegioididong.com/laptop/msi-prestige-13-ai-a2vmg-ultra-7-258v-040vn,Không có,2.8K (2880 x 1800) - OLED,90 Hz,100% DCI-P3,"Chuẩn DisplayHDR True Black 500
Eyesafe
Màn hình OLED
WVA
550 nits (Khi bật HDR)"
//www.thegioididong.com/laptop/asus-tuf-gaming-a15-fa507nv-r7-lp031w?utm_flashsale=1,"15.6""",Retina (2560 x 1600),Hãng không công bố,"Tấm nền IPS
LED Backlit
400 nits
True Tone Technology",Không có
//www.thegioididong.com/laptop/lenovo-thinkbook-14-g7-ultra-7-21mr0070vn,"14""",2.8K (2880 x 1800) - OLED,90 Hz,100% DCI-P3,"Chuẩn DisplayHDR True Black 500
Eyesafe
Màn hình OLED
WVA
550 nits (Khi bật HDR)"
//www.thegioididong.com/laptop/acer-swift-ai-sf14-51-75vp-ultra-7-nxj2ksv001,"14""",Full HD (1920 x 1080),60Hz,"Tấm nền IPS
Chống chói Anti Glare
Độ sáng 300 nits",Không có
//www.thegioididong.com/laptop/apple-macbook-air-2020-mgn63saa,"13.3""",WUXGA,60Hz,45% NTSC,"Tấm nền IPS
Chống chói Anti Glare
Độ sáng 300 nits"
//www.thegioididong.com/laptop/acer-swift-ai-sf14-51-53p9-ultra-5-nxj2ksv002,"14""",10,60Hz,100% DCI-P3,"Thời gian phản hồi 0.2 ms
Low Blue Light
Màn hình OLED
500 nits (Khi bật HDR)
1.07 tỷ màu"
//www.thegioididong.com/laptop/lenovo-ideapad-slim-3-15amn8-r5-82xq00j0vn,"15.6""",Full HD (1920 x 1080),144Hz,100% sRGB,"Low Blue Light
G-Sync
Tấm nền IPS
Chống chói Anti Glare
Độ sáng 300 nits"
//www.thegioididong.com/laptop/asus-vivobook-16-x1605va-i7-mb1875ws,"16""",Full HD (1920 x 1080),144Hz,45% NTSC,"Tấm nền IPS
Chống chói Anti Glare
250 nits"
//www.thegioididong.com/laptop/hp-envy-x360-14-fa0048au-r7-a19bqpa?utm_flashsale=1,"14""",Không có,Không có,Không có,Không có
//www.thegioididong.com/laptop/lenovo-loq-gaming-15iax9-i5-83gs000jvn,"15.6""",WQXGA (2560 x 1600),60Hz,99% DCI-P3,"350 nits
Chống chói Anti Glare"
//www.thegioididong.com/laptop/gigabyte-g5-mf5-rc555-i7-9rc55mf5fjiinivn000,"15.6""",WUXGA,60Hz,45% NTSC,"Tấm nền IPS
LED Backlit
Acer ComfyView"
//www.thegioididong.com/laptop/msi-vector-16-hx-ai-a2xwig-ultra-9-062vn,Không có,Full HD (1920 x 1080),60Hz,45% NTSC,"Tấm nền TN
Chống chói Anti Glare
250 nits"
//www.thegioididong.com/laptop/lg-gram-17z90s-ultra-7-17z90sgah78a5,"17""",Full HD+,60Hz,45% NTSC,"Display with ComfortView
250 nits
WVA"
//www.thegioididong.com/laptop/acer-aspire-3-a314-42p-r3b3-r7-nxksfsv001,"14""",WUXGA,60Hz,45% NTSC,"Low Blue Light
Tấm nền IPS
Độ sáng 300 nits"
//www.thegioididong.com/laptop/asus-vivobook-go-15-e1504fa-r5-nj776w,"15.6""",Full HD (1920 x 1080),144Hz,45% NTSC,"Chống chói Anti Glare
250 nits"
//www.thegioididong.com/laptop/asus-fa506ncr-r7-hn097w,"15.6""",10,240Hz,100% DCI-P3,Tấm nền IPS
//www.thegioididong.com/laptop/dell-inspiron-7440-core-5-n4i5006w1,"14""","WUXGA, OLED",60Hz,100% DCI-P3,"Low Blue Light
anti-fingerprint
Màn hình OLED
Dolby Vision
400 nits"
//www.thegioididong.com/laptop/lenovo-ideapad-flex-5-14abr8-r7-7730u-82xx00dlvn,"14""",Full HD (1920 x 1080),144Hz,100% sRGB,"Low Blue Light
G-Sync
Tấm nền IPS
Chống chói Anti Glare
Độ sáng 300 nits"
//www.thegioididong.com/laptop/hp-victus-16-r0127tx-i7-8c5n2pa,"16.1""",Full HD (1920 x 1080),60Hz,"Tấm nền IPS
Acer ComfyView",Không có
//www.thegioididong.com/laptop/msi-creator-m16-hx-c14vfg-i7-040vn,"16""",4K/UHD+ (3840 x 2400) OLED,60Hz,100% DCI-P3,"Màn hình OLED
400 nits"
//www.thegioididong.com/laptop/lenovo-yoga-7-2in1-14iml9-ultra-7-83dj001fvn,"14""",Full HD (1920 x 1080),60Hz,45% NTSC,"Tấm nền IPS
Chống chói Anti Glare
250 nits"
//www.thegioididong.com/laptop/lenovo-loq-15iax9-i5-83gs00dbvn,"15.6""",WQXGA (2560 x 1600),240Hz,100% DCI-P3,"Low Blue Light
G-Sync
Tấm nền IPS
Chống chói Anti Glare
500 nits brightness
Dolby Vision
HDR Vesa400"
//www.thegioididong.com/laptop/acer-aspire-5-a515-58gm-51lb-i5-nxkq4sv002,"15.6""",Full HD (1920 x 1080),120Hz,45% NTSC,"Chống chói Anti Glare
LED Backlit
250 nits
WVA"
//www.thegioididong.com/laptop/msi-prestige-16-ai-b2vmg-ultra-9-288v-016vn,"16""",WUXGA,60Hz,45% NTSC,"Tấm nền IPS
Chống chói Anti Glare
Độ sáng 300 nits"
//www.thegioididong.com/laptop/hp-pavilion-15-eg3094tu-i5-8c5l5pa?utm_flashsale=1,"15.6""",WUXGA,60Hz,45% NTSC,"Low Blue Light
Tấm nền IPS
Chống chói Anti Glare
Độ sáng 300 nits"
//www.thegioididong.com/laptop/lenovo-legion-pro-7-16irx9h-i9-83de001mvn,"16""",Full HD (1920 x 1080),144Hz,45% NTSC,"Tấm nền IPS
Chống chói Anti Glare
250 nits"
//www.thegioididong.com/laptop/dell-inspiron-15-3520-i5-n5i5057w1,"15.6""",WUXGA,60Hz,100% sRGB,"Tấm nền IPS
Chống chói Anti Glare
400 nits"
//www.thegioididong.com/laptop/lenovo-thinkbook-16-g7-ultra-7-21ms007hvn,"16""",10,120Hz,100% DCI-P3,"Chuẩn DisplayHDR True Black 600
Low Blue Light
400 nits
600 nits (Khi bật HDR)
1.07 tỷ màu"
//www.thegioididong.com/laptop/lenovo-thinkbook-14-ultra-7-21mr0072vn,"14""",Liquid Retina XDR display (3024 x 1964),up to 120 Hz,"ProMotion
Độ sáng XDR: toàn màn hình 1000 nits, cao nhất 1600 nits (chỉ nội dung HDR)
Độ sáng SDR: lên đến 1000 nits
Wide color (P3)
Màn hình Nano-texture
True Tone Technology
1 tỷ màu",Không có
//www.thegioididong.com/laptop/hp-gaming-victus-16-r0130tx-i5-8c5n5pa?utm_flashsale=1,"16.1""",Liquid Retina XDR display (3024 x 1964),up to 120 Hz,"ProMotion
Độ sáng XDR: toàn màn hình 1000 nits, cao nhất 1600 nits (chỉ nội dung HDR)
Độ sáng SDR: lên đến 1000 nits
Wide color (P3)
Màn hình Nano-texture
True Tone Technology
1 tỷ màu",Không có
//www.thegioididong.com/laptop/hp-elitebook-635-aero-g11-r5-a8ws6pt,"13.3""",WQXGA (2560 x 1600),240Hz,100% DCI-P3,"Low Blue Light
G-Sync
Tấm nền IPS
Chống chói Anti Glare
500 nits brightness
Dolby Vision"
//www.thegioididong.com/laptop/asus-vivobook-s-16-s5606ca-ultra-7-ri115ws,"16""",Full HD (1920 x 1080),165 Hz,45% NTSC,"Tấm nền IPS
Acer ComfyView"
//www.thegioididong.com/laptop/macbook-pro-14-nano-m4-16-512,"14.2""",Full HD (1920 x 1080),60Hz,"BrightView
Tấm nền IPS",Không có
//www.thegioididong.com/laptop/macbook-pro-14-nano-m4-max-36-1t,"14.2""",Full HD (1920 x 1080),144Hz,"Tấm nền IPS
Acer ComfyView",Không có
//www.thegioididong.com/laptop/lenovo-legion-pro-5-16irx9-i9-83df0046vn,"16""",Liquid Retina (2560 x 1664),Hãng không công bố,"Wide color (P3)
500 nits brightness
True Tone Technology
1 tỷ màu",Không có
//www.thegioididong.com/laptop/acer-nitro-v-15-anv15-41-r2up-r5-nhqpgsv004,"15.6""",Full HD (1920 x 1080),60Hz,"BrightView
Tấm nền IPS",Không có
//www.thegioididong.com/laptop/hp-pavilion-15-eg2081tu-i5-7c0q4pa,"15.6""",Không có,Không có,Không có,Không có
//www.thegioididong.com/laptop/acer-aspire-7-gaming-a715-76g-5806-i5-nhqmfsv002,"15.6""",Full HD (1920 x 1080),60Hz,45% NTSC,"Chống chói Anti Glare
LED Backlit"
//www.thegioididong.com/laptop/macbook-air-13-inch-m3-16gb-256gb-8gpu,"13.6""",2.8K (2880 x 1800) - OLED,120Hz,100% DCI-P3,Màn hình OLED
//www.thegioididong.com/laptop/hp-pavilion-15-eg2082tu-i5-7c0q5pa,"15.6""",Full HD (1920 x 1080),60Hz,62.5% sRGB,"Chống chói Anti Glare
250 nits"
//www.thegioididong.com/laptop/acer-predator-helios-neo-16s-ai-phn16s-71-95ms-ultra-9-nhqx7sv002,Không có,WUXGA,60Hz,"Tấm nền IPS
Chống chói Anti Glare
Độ sáng 300 nits",Không có
//www.thegioididong.com/laptop/asus-vivobook-15-x1504za-i5-nj1546w,"15.6""",Liquid Retina,Hãng không công bố,"Wide color (P3)
Công nghệ IPS
500 nits brightness
True Tone Technology
1 tỷ màu",Không có
//www.thegioididong.com/laptop/msi-stealth-14-ai-studio-a1vfg-ultra-7-085vn,"14""",2.8K (2880 x 1620) - OLED,120Hz,100% DCI-P3,"Thời gian phản hồi 0.2 ms
Màn hình bảo vệ mắt - EYE CARE
Chuẩn DisplayHDR True Black 600
1.07 tỷ màu"
//www.thegioididong.com/laptop/hp-15-fd0015tu-i7-a19c5pa,"15.6""",Full HD (1920 x 1080),120Hz,"Chống chói Anti Glare
WVA",Không có
//www.thegioididong.com/laptop/asus-vivobook-16-x1605va-i5-mb360w,"16""",Không có,Không có,Không có,Không có
//www.thegioididong.com/laptop/lenovo-ideapad-slim-5-oled-15arp10-r7-83j3001dvn,"15.1""",2.8K (2880 x 1620) - OLED,120Hz,100% DCI-P3,"Thời gian phản hồi 0.2 ms
Màn hình bảo vệ mắt - EYE CARE
Chuẩn DisplayHDR True Black 600
Low Blue Light
Màn hình OLED
600 nits (Khi bật HDR)
1.07 tỷ màu"
//www.thegioididong.com/laptop/macbook-air-15-inch-m4-24gb-256gb,"15.3""",Full HD (1920 x 1080),60Hz,45% NTSC,"Tấm nền IPS
Chống chói Anti Glare
250 nits"
//www.thegioididong.com/laptop/asus-s5507qa-x1e-78-100-ma090ws,"15.6""",WQXGA (2560 x 1600),165 Hz,100% sRGB,"350 nits
Low Blue Light
G-Sync
Tấm nền IPS
Chống chói Anti Glare
Dolby Vision"
//www.thegioididong.com/laptop/dell-vostro-3530-i5-80gg93,"15.6""",Liquid Retina (2560 x 1664),Hãng không công bố,"Wide color (P3)
Công nghệ IPS
500 nits brightness
True Tone Technology
1 tỷ màu",Không có
//www.thegioididong.com/laptop/dell-inspiron-15-3530-i7-n5i7305w1,Không có,Full HD+,60Hz,45% NTSC,"Display with ComfortView
Chống chói Anti Glare
250 nits
WVA"
//www.thegioididong.com/laptop/asus-vivobook-15-oled-a1505va-i5-ma467w,"15.6""",QHD,240Hz,100% sRGB,"Low Blue Light
Thời gian phản hồi: 3 ms
Tấm nền IPS
Chống chói Anti Glare
Độ sáng 300 nits"
//www.thegioididong.com/laptop/hp-240-g9-i3-6l1x8pa,"14""",Full HD (1920 x 1080),144Hz,"Tấm nền IPS
Chống chói Anti Glare",Không có
//www.thegioididong.com/laptop/lenovo-legion-5-16irx9-i7-83dg0051vn?utm_flashsale=1,"16""",Liquid Retina,Hãng không công bố,"Wide color (P3)
Công nghệ IPS
500 nits brightness
True Tone Technology
1 tỷ màu",Không có
//www.thegioididong.com/laptop/macbook-air-13-inch-m4-24gb-512gb,"13.6""",WQXGA (2560 x 1600),60Hz,100% sRGB,"Low Blue Light
Tấm nền IPS
Chống chói Anti Glare
400 nits"
//www.thegioididong.com/laptop/dell-inspiron-7440-core-7-n7440c7u161w11ibu,"14""",QHD+ (2560 x 1600),240Hz,100% DCI-P3,Tấm nền IPS
//www.thegioididong.com/laptop/hp-omen-16-xf0070ax-r9-8w945pa,"16.1""",WUXGA,60Hz,99% DCI-P3,"350 nits
Chống chói Anti Glare"
//www.thegioididong.com/laptop/msi-gaming-gf63-thin-12ve-i5-460vn,"15.6""",Full HD (1920 x 1080),144Hz,"100% sRGB
75.35% Adobe RGB
72% NTSC","G-Sync
Tấm nền IPS
Chống chói Anti Glare
250 nits"
//www.thegioididong.com/laptop/macbook-air-15-inch-m4-32gb-256gb,"15.3""",Full HD (1920 x 1080),144Hz,45% NTSC,"Tấm nền IPS
Chống chói Anti Glare
250 nits"
//www.thegioididong.com/laptop/lenovo-thinkpad-e16-ultra-7-21ma004pvn,"16""",2.8K (2880 x 1620) - OLED,120Hz,100% DCI-P3,"Thời gian phản hồi 0.2 ms
Màn hình bảo vệ mắt - EYE CARE
Chuẩn DisplayHDR True Black 600
Low Blue Light
Màn hình OLED
600 nits (Khi bật HDR)
1.07 tỷ màu"
//www.thegioididong.com/laptop/msi-gaming-sword-16-hx-b14vfkg-i7-045vn,"16""",WUXGA,60Hz,45% NTSC,"Tấm nền IPS
Chống chói Anti Glare
Độ sáng 300 nits"
//www.thegioididong.com/laptop/lg-gram-14z90s-ultra-5-14z90sgah55a5,"14""",HD (1366 x 768),60Hz,45% NTSC,"220 nits
Chống chói Anti Glare"
//www.thegioididong.com/laptop/asus-fa507uv-r7-lp142w?utm_flashsale=1,"15.6""","WUXGA, OLED",60Hz,100% DCI-P3,"Màn hình OLED
500 nits brightness
400 nits"
//www.thegioididong.com/laptop/gigabyte-g5-mf5-rc555-i5-9rc55mf5feiaa1vn0c0,"15.6""",2.8K (2880 x 1800),60Hz,100% DCI-P3,"Tấm nền IPS
Chống chói Anti Glare
400 nits"
//www.thegioididong.com/laptop/asus-asus-vivobook-15-oled-a1505za-i5-ma415w,"15.6""","WUXGA, OLED",60Hz,100% DCI-P3,"Chuẩn DisplayHDR True Black 500
Màn hình OLED
400 nits"
//www.thegioididong.com/laptop/lenovo-ideapad-slim-3-15irh10-i7-83k1000jvn,"15.3""",Full HD (1920 x 1080),144Hz,45% NTSC,"Tấm nền IPS
Chống chói Anti Glare
250 nits"
//www.thegioididong.com/laptop/samsung-galaxy-chromebook-go-xe310xda-n4500,"11.6""",Full HD (1920 x 1080),120Hz,45% NTSC,"Chống chói Anti Glare
LED Backlit
250 nits
WVA"
//www.thegioididong.com/laptop/lenovo-ideapad-slim-5-14ahp10-r7-83hv001mvn,"14""",Full HD (1920 x 1080),60Hz,62.5% sRGB,"Chống chói Anti Glare
250 nits"
//www.thegioididong.com/laptop/msi-prestige-14-ai-studio-c1veg-ultra-7-056vn,"14""",2.8K (2880 x 1800) - OLED,120Hz,100% DCI-P3,"Chuẩn DisplayHDR True Black 500
Eyesafe
Màn hình OLED
Dolby Vision
400 nits"
//www.thegioididong.com/laptop/lenovo-ideapad-slim-5-14imh9-ultra-7-83da001yvn,"14""",Full HD (1920 x 1080),144Hz,45% NTSC,"Tấm nền IPS
Chống chói Anti Glare
250 nits"
//www.thegioididong.com/laptop/hp-victus-15-fb1022ax-r5-94f19pa,"15.6""",Full HD (1920 x 1080),144Hz,45% NTSC,"Tấm nền IPS
Chống chói Anti Glare"
//www.thegioididong.com/laptop/dell-vostro-15-3520-i5-v5i5610w1,"15.6""",WUXGA,165 Hz,100% sRGB,"G-Sync
Tấm nền IPS
Chống chói Anti Glare
250 nits
Dolby Vision"
//www.thegioididong.com/laptop/hp-15-fd0303tu-i3-a2nl4pa,"15.6""",2.8K (2880 x 1620) - OLED,120Hz,100% DCI-P3,"Thời gian phản hồi 0.2 ms
Màn hình bảo vệ mắt - EYE CARE
Chuẩn DisplayHDR True Black 600
Low Blue Light
Màn hình OLED
600 nits (Khi bật HDR)
1.07 tỷ màu"
//www.thegioididong.com/laptop/lenovo-yoga-pro-7-14imh9-ultra-7-83e2005dvn,"14.5""",Full HD (1920 x 1080),60Hz,45% NTSC,"Tấm nền IPS
Acer ComfyView"
//www.thegioididong.com/laptop/hp-victus-16-r0228tx-i5-9q979pa,"16.1""","WUXGA, OLED",60Hz,100% DCI-P3,"Chuẩn DisplayHDR True Black 500
Màn hình OLED
400 nits"
//www.thegioididong.com/laptop/msi-thin-15-b13ucx-i5-2080vn,"15.6""",Full HD (1920 x 1080),60Hz,Chống chói Anti Glare,Không có
//www.thegioididong.com/laptop/asus-g614ju-i7-n3206w,"16""",Full HD (1920 x 1080),144Hz,45% NTSC,"Tấm nền IPS
Chống chói Anti Glare
250 nits"
//www.thegioididong.com/laptop/asus-vivobook-15-oled-a1505va-i9-ma586ws,"15.6""",10,90 Hz,100% DCI-P3,"Thời gian phản hồi 0.2 ms
Màn hình bảo vệ mắt - EYE CARE
Chuẩn DisplayHDR True Black 600
Low Blue Light
Màn hình OLED
400 nits
600 nits (Khi bật HDR)
1.07 tỷ màu"
//www.thegioididong.com/laptop/acer-aspire-a315-44p-r9w8-r7-nxksjsv002,"15.6""",Full HD (1920 x 1080),144Hz,45% NTSC,Tấm nền IPS
//www.thegioididong.com/laptop/lenovo-ideapad-slim-5-oled-14irh10-i5-83hr0001vn,"14""",10,120Hz,100% DCI-P3,"Thời gian phản hồi 0.2 ms
Màn hình bảo vệ mắt - EYE CARE
Chuẩn DisplayHDR True Black 600
Low Blue Light
Màn hình OLED
400 nits
600 nits (Khi bật HDR)
1.07 tỷ màu"
//www.thegioididong.com/laptop/asus-vivobook-15-x1504va-nj023w?utm_flashsale=1,"15.6""",10,120Hz,100% DCI-P3,"Chuẩn DisplayHDR True Black 600
Low Blue Light
Màn hình OLED
400 nits
600 nits (Khi bật HDR)
1.07 tỷ màu"
//www.thegioididong.com/laptop/msi-cyborg-15-a13vfk-i7-876vn,"15.6""",Full HD+,60Hz,"Chống chói Anti Glare
250 nits
WVA",Không có
//www.thegioididong.com/laptop/asus-vivobook-14x-oled-k3405vc-i5-km006w?utm_flashsale=1,"14""",Full HD (1920 x 1080),144Hz,100% sRGB,"G-Sync
Tấm nền IPS
Chống chói Anti Glare
Độ sáng 300 nits"
//www.thegioididong.com/laptop/msi-gaming-katana-a15-ai-b8ve-r7-402vn,"15.6""",Full HD (1920 x 1080),144Hz,45% NTSC,"Tấm nền IPS
Chống chói Anti Glare
250 nits"
//www.thegioididong.com/laptop/asus-zenbook-14-oled-ux3405ma-ultra-9-pp475w?utm_flashsale=1,"14""",Full HD (1920 x 1080),60Hz,45% NTSC,"Tấm nền IPS
Chống chói Anti Glare
250 nits"
//www.thegioididong.com/laptop/asus-vivobook-s-14-s5406sa-ultra-7-pp059ws,"14""",2.8K (2880 x 1800) - OLED,48 - 120 Hz,100% DCI-P3,"LED UWVA
Thời gian phản hồi 0.2 ms
Low Blue Light
Corning Gorilla Glass 3
Màn hình OLED
400 nits
500 nits (Khi bật HDR)"
//www.thegioididong.com/laptop/dell-inspiron-14-5440-core-7-7fn5j,"14""",Không có,Không có,Không có,Không có
//www.thegioididong.com/laptop/lenovo-legion-5-15irx9-i7-83jj000fvn,"15.6""",WUXGA,60Hz,45% NTSC,"Tấm nền IPS
Chống chói Anti Glare
Độ sáng 300 nits"
//www.thegioididong.com/laptop/msi-thin-15-b13uc-i7-1411vn,"15.6""",Full HD (1920 x 1080),60Hz,45% NTSC,"Tấm nền IPS
Chống chói Anti Glare
250 nits"
//www.thegioididong.com/laptop/hp-245-g10-r5-a20tdpt,"14""",Full HD (1920 x 1080),60Hz,62.5% sRGB,"Tấm nền IPS
Chống chói Anti Glare
Độ sáng 300 nits"
//www.thegioididong.com/laptop/hp-envy-x360-14-fa0097au-r5-ay8u7pa,"14""",10,60Hz,100% DCI-P3,"Thời gian phản hồi 0.2 ms
Low Blue Light
Màn hình OLED
500 nits (Khi bật HDR)
1.07 tỷ màu"
//www.thegioididong.com/laptop/acer-predator-helios-18-ai-ph18-73-98aq-ultra-9-nhqvwsv001,Không có,Full HD (1920 x 1080),144Hz,"100% sRGB
75.35% Adobe RGB
72% NTSC","G-Sync
Tấm nền IPS
Chống chói Anti Glare
250 nits"
//www.thegioididong.com/laptop/lenovo-ideapad-slim-3-16irh10-i5-83k20003vn,"16""",Full HD (1920 x 1080),60Hz,45% NTSC,"Tấm nền IPS
Chống chói Anti Glare
250 nits"
//www.thegioididong.com/laptop/hp-240-g9-i5-ag2j7at,"14""",Liquid Retina XDR display (3456 x 2234),up to 120 Hz,"toàn màn hình 1000 nits, cao nhất 1600 nits (chỉ nội dung HDR)
Độ sáng SDR: lên đến 1000 nits
Wide color (P3)
True Tone Technology
1 tỷ màu",Không có
//www.thegioididong.com/laptop/hp-15-fd1063tu-ultra-5-9z2y1pa,"15.6""",Full HD (1920 x 1080),60Hz,45% NTSC,"Tấm nền IPS
Độ sáng 300 nits"
//www.thegioididong.com/laptop/hp-envy-x360-14-fc0094tu-ultra-5-a19c4pa?utm_flashsale=1,"14""","WUXGA, OLED",60Hz,100% DCI-P3,"Chuẩn DisplayHDR True Black 500
Low Blue Light
Màn hình OLED
400 nits"
//www.thegioididong.com/laptop/asus-fa507nur-r7-lp057w,"15.6""",Full HD (1920 x 1080),144Hz,45% NTSC,Tấm nền IPS
//www.thegioididong.com/laptop/lenovo-ideapad-slim-5-15iru9-core-5-83d0000evn,"15.3""",WUXGA,60Hz,99% DCI-P3,"350 nits
Chống chói Anti Glare"
//www.thegioididong.com/laptop/hp-elitebook-630-g10-i7-873f2pa?utm_flashsale=1,"13.3""",Full HD (1920 x 1080),120Hz,"Chống chói Anti Glare
LED Backlit
WVA",Không có
//www.thegioididong.com/laptop/macbook-pro-16-inch-m4-pro-24gb-1tb,"16.2""",Full HD (1920 x 1080),60Hz,"Low Blue Light
Tấm nền IPS
Chống chói Anti Glare
Độ sáng 300 nits",Không có
//www.thegioididong.com/laptop/lenovo-v14-core-5-83hd0001vn?utm_flashsale=1,"14""",Full HD+ (1920 x 1200),165 Hz,100% sRGB,"G-Sync
Tấm nền IPS
Chống chói Anti Glare
250 nits"
//www.thegioididong.com/laptop/lenovo-ideapad-slim-5-14imh9-ultra-5-83da006tvn,"14""",Full HD (1920 x 1080),120Hz,45% NTSC,"Chống chói Anti Glare
250 nits
WVA"
//www.thegioididong.com/laptop/msi-katana-15-b13vfk-i7-676vn,"15.6""",Full HD (1920 x 1080),144Hz,45% NTSC,"Tấm nền IPS
Chống chói Anti Glare
250 nits"
//www.thegioididong.com/laptop/lg-gram-14z90s-ultra-7-14z90sgah75a5,"14""",Liquid Retina,Hãng không công bố,"Wide color (P3)
500 nits brightness
True Tone Technology
1 tỷ màu",Không có
//www.thegioididong.com/laptop/dell-inspiron-15-3530-i5-p16wd2,"15.6""",Full HD (1920 x 1080),144Hz,45% NTSC,"Tấm nền IPS
Acer ComfyView"
//www.thegioididong.com/laptop/lenovo-ideapad-slim-3-15iah8-i5-83er00evn,"15.6""",Liquid Retina (2560 x 1664),Hãng không công bố,"Wide color (P3)
500 nits brightness
True Tone Technology
1 tỷ màu",Không có
//www.thegioididong.com/laptop/asus-rog-strix-g16-g614ju-i7-n3509w,"16""",Full HD (1920 x 1080),144Hz,45% NTSC,"Tấm nền IPS
Acer ComfyView
250 nits"
//www.thegioididong.com/laptop/dell-inspiron-15-3530-i5-n3530i5u165w11slu,"15.6""",10,120Hz,"100% sRGB
100% DCI-P3","Chuẩn DisplayHDR True Black 500
Low Blue Light
Eyesafe
Màn hình OLED
Dolby Vision
400 nits"
//www.thegioididong.com/laptop/hp-victus-16-s0173ax-r5-a9lg9pa?utm_flashsale=1,"16.1""",WQXGA (2560 x 1600),165 Hz,100% sRGB,"350 nits
Low Blue Light
AMD FreeSync Premium
Tấm nền IPS
Chống chói Anti Glare
Dolby Vision"
//www.thegioididong.com/laptop/macbook-air-15-inch-m3-2024-16gb-256gb,"15.3""",Liquid Retina XDR display (3024 x 1964),up to 120 Hz,"ProMotion
Độ sáng XDR: toàn màn hình 1000 nits, cao nhất 1600 nits (chỉ nội dung HDR)
Độ sáng SDR: lên đến 1000 nits
Wide color (P3)
True Tone Technology
1 tỷ màu",Không có
//www.thegioididong.com/laptop/acer-nitro-v-anv15-51-53ne-i5-nhqnasv002,"15.6""",Full HD (1920 x 1080),144Hz,"62.5% sRGB
47.34% Adobe RGB
45% NTSC","Tấm nền IPS
Chống chói Anti Glare
Adaptive-Sync
250 nits"
//www.thegioididong.com/laptop/apple-macbook-air-m2-2022-16gb-256gb,"13.6""",WQXGA (2560 x 1600),180 Hz,100% DCI-P3,"ROG Nebula HDR Display
Tấm nền IPS
Adaptive-Sync
500 nits brightness
Dolby Vision"
//www.thegioididong.com/laptop/acer-nitro-v-anv15-51-57b2-i5-nhqn8sv001?utm_flashsale=1,"15.6""",Full HD (1920 x 1080),120Hz,45% NTSC,"Chống chói Anti Glare
LED Backlit
250 nits
WVA"
//www.thegioididong.com/laptop/lenovo-yoga-pro-7-14asp9-r9-83hn0022vn,"14.5""",Full HD (1920 x 1080),120Hz,45% NTSC,"Chống chói Anti Glare
LED Backlit
250 nits
WVA"
//www.thegioididong.com/laptop/lenovo-legion-slim-5-16ahp9-r7-83dh003bvn,"16""",Full HD (1920 x 1080),60Hz,62.5% sRGB,"Chống chói Anti Glare
250 nits"
//www.thegioididong.com/laptop/macbook-pro-14-inch-m4-pro-24gb-1tb,"14.2""",WUXGA,60Hz,100% sRGB,"Tấm nền IPS
Chống chói Anti Glare
LED Backlit
400 nits"
//www.thegioididong.com/laptop/asus-tuf-gaming-f15-fx507zc4-i7-hni7mw,"15.6""",Full HD (1920 x 1080),60Hz,45% NTSC,"Tấm nền IPS
250 nits"
//www.thegioididong.com/laptop/asus-rog-flow-z13-gz302ea-ryzen-ai-max-395-ru080ws,"13.4""",Full HD (1920 x 1080),120Hz,WVA,Không có
//www.thegioididong.com/laptop/dell-inspiron-15-3520-i7-n5i7125w1,"15.6""",WUXGA,60Hz,100% sRGB,"Tấm nền IPS
Chống chói Anti Glare
Độ sáng 300 nits"
//www.thegioididong.com/laptop/dell-inspiron-15-3530-i5-n5i5340w1,"15.6""",Full HD (1920 x 1080),60Hz,100% sRGB,"TFT
LED Backlit
Acer ComfyView
Độ sáng 300 nits"
//www.thegioididong.com/laptop/hp-15-fd0234tu-i5-9q969pa,"15.6""",Full HD (1920 x 1080),60Hz,45% NTSC,"Tấm nền IPS
Chống chói Anti Glare
250 nits"
//www.thegioididong.com/laptop/asus-vivobook-14-a1407ca-ultra-5-ly008ws,"14""",Full HD (1920 x 1080),144Hz,45% NTSC,"Tấm nền IPS
Chống chói Anti Glare
250 nits"
//www.thegioididong.com/laptop/hp-elitebook-630-g10-i7-9h1n9pt?utm_flashsale=1,"13.3""",10,120Hz,"Chống chói Anti Glare
Độ sáng 300 nits
WVA
ComfortView Plus",Không có
//www.thegioididong.com/laptop/dell-vostro-3520-i5-71030559,"15.6""",10,120Hz,100% DCI-P3,"Thời gian phản hồi 0.2 ms
Màn hình bảo vệ mắt - EYE CARE
Chuẩn DisplayHDR True Black 600
Low Blue Light
LED Backlit
Màn hình OLED
400 nits
600 nits (Khi bật HDR)
1.07 tỷ màu"
//www.thegioididong.com/laptop/lenovo-thinkpad-x13-ultra-5-21lu004nvn,"13.3""",Full HD (1920 x 1080),144Hz,45% NTSC,"Tấm nền IPS
Chống chói Anti Glare
250 nits"
//www.thegioididong.com/laptop/acer-swift-go-14-41-r251-r5-nxkg3sv005,"14""",WUXGA,60Hz,45% NTSC,"Acer ComfyView
Độ sáng 300 nits"
//www.thegioididong.com/laptop/hp-probook-450-g10-i7-873d3pa?utm_flashsale=1,"15.6""",Full HD (1920 x 1080),144Hz,"100% sRGB
75.35% Adobe RGB
72% NTSC","G-Sync
Tấm nền IPS
Chống chói Anti Glare
250 nits"
//www.thegioididong.com/laptop/msi-katana-a15-ai-b8vg-r9-466vn,"15.6""",Full HD (1920 x 1080) OLED,60Hz,100% DCI-P3,"Độ sáng 600 nits
Thời gian phản hồi 0.2 ms
Màn hình bảo vệ mắt - EYE CARE
Chuẩn DisplayHDR True Black 600
Low Blue Light
Màn hình OLED
1.07 tỷ màu"
//www.thegioididong.com/laptop/dell-inspiron-14-5430-i5-i5p165w11sl2050?utm_flashsale=1,"14""",WUXGA,144Hz,45% NTSC,"Tấm nền IPS
Chống chói Anti Glare
LED Backlit
Độ sáng 300 nits"
//www.thegioididong.com/laptop/asus-zenbook-14-oled-um3406ka-r7-ai-350-pp555ws,"14""",Full HD (1920 x 1080),60Hz,45% NTSC,"Chống chói Anti Glare
LED Backlit
250 nits"
//www.thegioididong.com/laptop/hp-victus-16-r0283tx-i5-ad9t3pa?utm_flashsale=1,"16.1""",Full HD (1920 x 1080),120Hz,"Chống chói Anti Glare
LED Backlit
250 nits
WVA",Không có
//www.thegioididong.com/laptop/acer-aspire-lite-al16-51p-596h-i5-nxkwzsv002,"16""",Full HD (1920 x 1080),60Hz,45% NTSC,"Tấm nền IPS
Chống chói Anti Glare
Độ sáng 300 nits"
//www.thegioididong.com/laptop/asus-tuf-gaming-a15-fa507nu-r5-lp105w?utm_flashsale=1,"15.6""",10,120Hz,100% DCI-P3,"Chuẩn DisplayHDR True Black 600
Low Blue Light
Màn hình OLED
400 nits
600 nits (Khi bật HDR)
1.07 tỷ màu"
//www.thegioididong.com/laptop/asus-vivobook-15-oled-a1505za-i5-l1337w?utm_flashsale=1,"15.6""",Full HD (1920 x 1080),60Hz,62.5% sRGB,"Tấm nền IPS
Độ sáng 300 nits"
//www.thegioididong.com/laptop/asus-gaming-vivobook-k3605zu-i5-rp296w?utm_flashsale=1,"16""",Full HD (1920 x 1080),120Hz,"Tấm nền IPS
Chống chói Anti Glare
LED Backlit
250 nits",Không có
//www.thegioididong.com/laptop/asus-x1504za-i5-nj1608w,"15.6""",Full HD (1920 x 1080),144Hz,100% sRGB,"Tấm nền IPS
Chống chói Anti Glare
Độ sáng 300 nits"
//www.thegioididong.com/laptop/dell-vostro-15-3520-i5-v3520i5u165w11gru,"15.6""",Liquid Retina,Hãng không công bố,"Wide color (P3)
Công nghệ IPS
500 nits brightness
True Tone Technology
1 tỷ màu",Không có
//www.thegioididong.com/laptop/lenovo-thinkpad-v14-i7-83a00012vn?utm_flashsale=1,"14""",10,120Hz,100% DCI-P3,"Thời gian phản hồi 0.2 ms
Màn hình bảo vệ mắt - EYE CARE
Chuẩn DisplayHDR True Black 500
Low Blue Light
Màn hình OLED
400 nits
500 nits (Khi bật HDR)
1.07 tỷ màu"
//www.thegioididong.com/laptop/asus-vivobook-s-14-s5406sa-ultra-5-pp060ws,"14""",Full HD (1920 x 1080),60Hz,45% NTSC,"Chống chói Anti Glare
LED Backlit
250 nits"
//www.thegioididong.com/laptop/hp-pavilion-x360-14-ek2027tu-core-7-9z2v9pa,"14""",Full HD (1920 x 1080),120Hz,"Chống chói Anti Glare
LED Backlit
WVA",Không có
//www.thegioididong.com/laptop/dell-vostro-15-3520-i5-5m2tt2,"15.6""",Full HD (1920 x 1080),60Hz,"Tấm nền IPS
Acer ComfyView",Không có
//www.thegioididong.com/laptop/lenovo-loq-15iax9e-i5-83lk0079vn,"15.6""",Không có,Không có,Không có,Không có
//www.thegioididong.com/laptop/macbook-air-15-inch-m4-24gb-1tb,"15.3""",Full HD (1920 x 1080),60Hz,"Tấm nền IPS
Chống chói Anti Glare
250 nits",Không có
//www.thegioididong.com/laptop/asus-zenbook-s16-um5606ka-r7-ai-350-rk113ws,"16""",Full HD (1920 x 1080),144Hz,45% NTSC,Tấm nền IPS
//www.thegioididong.com/laptop/asus-x1404va-i5-nk771ws,"14""",Full HD (1920 x 1080),120Hz,45% NTSC,"Chống chói Anti Glare
LED Backlit
250 nits
WVA"
//www.thegioididong.com/laptop/dell-inspiron-15-3520-i7-25p2315,"15.6""",2.2K,60Hz,100% sRGB,"Low Blue Light
Tấm nền IPS
Chống chói Anti Glare
Độ sáng 300 nits"
//www.thegioididong.com/laptop/acer-aspire-a514-54-5127-i5-nxa28sv007,"14""",Full HD (1920 x 1080),120Hz,"Chống chói Anti Glare
LED Backlit
250 nits
WVA",Không có
//www.thegioididong.com/laptop/msi-titan-18-hx-ai-a2xwig-ultra-9-090vn,Không có,Full HD (1920 x 1080),144Hz,45% NTSC,"Wled-backlit
Tấm nền IPS
Chống chói Anti Glare"
//www.thegioididong.com/laptop/hp-240-g9-i5-6l1y2pa,"14""",Full HD+ (1920 x 1200),144Hz,100% sRGB,"Tấm nền IPS
Chống chói Anti Glare"
//www.thegioididong.com/laptop/msi-katana-a15-ai-b8vg-r7-465vn,"15.6""",WUXGA,60Hz,45% NTSC,"Tấm nền IPS
Chống chói Anti Glare
Độ sáng 300 nits"
//www.thegioididong.com/laptop/dell-inspiron-15-3530-i7-n5i7240w1,"15.6""",Full HD (1920 x 1080),60Hz,45% NTSC,"Tấm nền IPS
Acer ComfyView"
//www.thegioididong.com/laptop/lenovo-thinkpad-e14-ultra-7-21m70051vn,"14""",Full HD (1920 x 1080),60Hz,45% NTSC,"Tấm nền IPS
Chống chói Anti Glare"
//www.thegioididong.com/laptop/dell-inspiron-3530-i5-1335u-i5u085w11blu,"15.6""",3.2K (3200 x 2000),165 Hz,100% DCI-P3,"Low Blue Light
G-Sync
Tấm nền IPS
Chống chói Anti Glare
Dolby Vision
430 nits"
//www.thegioididong.com/laptop/msi-gaming-gf63-thin-12uc-i7-887vn,"15.6""",Full HD (1920 x 1080),60Hz,45% NTSC,"Chống chói Anti Glare
LED Backlit
250 nits"
//www.thegioididong.com/laptop/acer-aspire-lite-al14-52m-54cj-i5-nxj39sv002,"14""",Full HD (1920 x 1080),120Hz,45% NTSC,"Chống chói Anti Glare
LED Backlit
250 nits
WVA"
//www.thegioididong.com/laptop/msi-prestige-14-ai-studio-c1udxg-ultra-7-058vn,"14""",WUXGA,60Hz,100% sRGB,"Low Blue Light
Tấm nền IPS
Chống chói Anti Glare
400 nits"
//www.thegioididong.com/laptop/hp-probook-460-g11-ultra-7-a74c0pt?utm_flashsale=1,"16""",Liquid Retina (2560 x 1664),Hãng không công bố,"Wide color (P3)
500 nits brightness
True Tone Technology
1 tỷ màu",Không có
//www.thegioididong.com/laptop/acer-aspire-7-a715-76-53pj-i5-nhqgesv007,"15.6""",Liquid Retina (2560 x 1664),Hãng không công bố,"Wide color (P3)
Công nghệ IPS
500 nits brightness
True Tone Technology
1 tỷ màu",Không có
//www.thegioididong.com/laptop/msi-modern-14-c13m-i5-611vn,"14""",Full HD (1920 x 1080),144Hz,45% NTSC,Tấm nền IPS
//www.thegioididong.com/laptop/lenovo-legion-7-16irx9-i9-83fd004mvn,"16""",Full HD+,60Hz,45% NTSC,"TFT
Tấm nền IPS
Chống chói Anti Glare
LED Backlit
Acer ComfyView"
//www.thegioididong.com/laptop/asus-vivobook-x1404za-i5-nk376w,"14""",WUXGA,60Hz,45% NTSC,"Low Blue Light
Tấm nền IPS
Chống chói Anti Glare
Độ sáng 300 nits"
//www.thegioididong.com/laptop/dell-inspiron-15-3520-i5-n5i5052w1,"15.6""",WUXGA,144Hz,45% NTSC,"Chống chói Anti Glare
LED Backlit
Độ sáng 300 nits"
//www.thegioididong.com/laptop/lenovo-thinkpad-x1-carbon-ultra-7-21kc008nvn,"14""",Full HD (1920 x 1080),144Hz,45% NTSC,"Tấm nền IPS
Chống chói Anti Glare
250 nits"
//www.thegioididong.com/laptop/macbook-air-13-inch-m2-16gb-512gb-70w,"13.6""",10,120Hz,100% DCI-P3,"Chuẩn DisplayHDR True Black 500
Anti-Reflective
Chống chói Anti Glare
Màn hình OLED
Dolby Vision
400 nits"
//www.thegioididong.com/laptop/macbook-air-13-inch-m4-32gb-512gb,"13.6""",WUXGA,60Hz,45% NTSC,"Tấm nền IPS
Chống chói Anti Glare
Độ sáng 300 nits"
//www.thegioididong.com/laptop/msi-gaming-cyborg-15-ai-a1vek-ultra-7-053vn,"15.6""",10,165 Hz,100% sRGB,"G-Sync
Tấm nền IPS
Chống chói Anti Glare
400 nits"
//www.thegioididong.com/laptop/acer-aspire-16-ai-a16-71m-71u7-ultra-7-nxj4ysv002,"16""",Full HD (1920 x 1080),60Hz,45% NTSC,"Tấm nền IPS
Chống chói Anti Glare
250 nits"
//www.thegioididong.com/laptop/lenovo-ideapad-slim-3-14irh10-i5-83k0000avn,"14""",Full HD (1920 x 1080),144Hz,45% NTSC,"Tấm nền IPS
Chống chói Anti Glare
250 nits"
//www.thegioididong.com/laptop/asus-vivobook-k3605zf-i5-rp745w,"16""",Full HD (1920 x 1080) OLED,60Hz,100% DCI-P3,"Độ sáng 600 nits
Thời gian phản hồi 0.2 ms
Màn hình bảo vệ mắt - EYE CARE
Chuẩn DisplayHDR True Black 600
Low Blue Light
Màn hình OLED
1.07 tỷ màu"
//www.thegioididong.com/laptop/hp-victus-16-s0138ax-r7-9q985pa,"16.1""",Full HD (1920 x 1080),144Hz,100% sRGB,"Low Blue Light
G-Sync
Tấm nền IPS
Chống chói Anti Glare
Độ sáng 300 nits"
//www.thegioididong.com/laptop/lenovo-thinkpad-x1-carbon-ultra-7-21kc00agvn,"14""",QHD+ (2560 x 1600),30 - 120 Hz,"Anti-Reflective
Eyesafe
500 nits brightness",Cảm ứng
//www.thegioididong.com/laptop/lenovo-thinkbook-16-g6-i5-21kh00q0vn,"16""",10,60Hz,100% DCI-P3,"Thời gian phản hồi 0.2 ms
Low Blue Light
Màn hình OLED
500 nits (Khi bật HDR)
1.07 tỷ màu"
//www.thegioididong.com/laptop/asus-fa401wv-r9-ai-rg062ws,"14""",WUXGA,60Hz,45% NTSC,"Tấm nền IPS
Chống chói Anti Glare"
//www.thegioididong.com/laptop/hp-240-g9-i5-9t2g2pt,"14""",WUXGA,60Hz,45% NTSC,"Low Blue Light
Tấm nền IPS
Chống chói Anti Glare
Độ sáng 300 nits"
//www.thegioididong.com/laptop/msi-thin-15-b12uc-i5-2045vn,"15.6""",10,120Hz,100% DCI-P3,"Chuẩn DisplayHDR True Black 500
Low Blue Light
Màn hình OLED
400 nits
600 nits (Khi bật HDR)
1.07 tỷ màu"
//www.thegioididong.com/laptop/asus-vivobook-15-oled-a1505va-i5-l1341w,"15.6""",Full HD (1920 x 1080),144Hz,"100% sRGB
75.35% Adobe RGB
72% NTSC","G-Sync
Tấm nền IPS
Chống chói Anti Glare
250 nits"
//www.thegioididong.com/laptop/lenovo-loq-15arp9-r7-83jc0040vn,"15.6""",WUXGA,60Hz,100% sRGB,"Tấm nền IPS
Chống chói Anti Glare
400 nits"
//www.thegioididong.com/laptop/dell-xps-13-9340-ultra-7-hxrgt2,"13.4""",Không có,Không có,Không có,Không có
//www.thegioididong.com/laptop/hp-envy-x360-14-fc0089tu-ultra-7-a19bzpa,"14""",Full HD+,60Hz,45% NTSC,"TFT
Tấm nền IPS
LED Backlit
Acer ComfyView"
//www.thegioididong.com/laptop/hp-elitebook-630-g11-ultra-7-a7lc5pt,"13.3""",Liquid Retina (2560 x 1664),Hãng không công bố,"Wide color (P3)
500 nits brightness
True Tone Technology
1 tỷ màu",Không có
//www.thegioididong.com/laptop/lenovo-thinkpad-e16-ultra-5-21ma0049vn,"16""",Full HD (1920 x 1080),144Hz,"100% sRGB
75.35% Adobe RGB
72% NTSC","G-Sync
Tấm nền IPS
Chống chói Anti Glare
250 nits"
//www.thegioididong.com/laptop/asus-vivobook-s-16-m5606ka-r7-ai-350-ri016ws,"16""",Full HD (1920 x 1080),60Hz,"Chống chói Anti Glare
LED Backlit
250 nits",Không có
//www.thegioididong.com/laptop/asus-fx507vv-i7-lp151w,"15.6""",Full HD+,60Hz,45% NTSC,"Chống chói Anti Glare
250 nits
WVA"
//www.thegioididong.com/laptop/hp-elitebook-x360-830-g11-ultra-7-a7rc0pt,"13.3""","WUXGA, OLED",60Hz,100% DCI-P3,"Low Blue Light
Màn hình OLED
400 nits"
//www.thegioididong.com/laptop/msi-stealth-18-hx-ai-a2xwig-ultra-9-017vn,Không có,Full HD+ (1920 x 1200),60Hz,45% NTSC,"TFT
LED Backlit
Acer ComfyView
Độ sáng 300 nits"
//www.thegioididong.com/laptop/acer-aspire-lite-16-g2-al16-52p-572a-i5-nxj2ssv004,"16""",10,120Hz,100% DCI-P3,"Thời gian phản hồi 0.2 ms
Chuẩn DisplayHDR True Black 500
Màn hình OLED
400 nits
500 nits (Khi bật HDR)
1.07 tỷ màu"
//www.thegioididong.com/laptop/macbook-air-13-inch-m3-2024-16gb-512gb,"13.6""","WUXGA, OLED",60Hz,100% DCI-P3,"Thời gian phản hồi 0.2 ms
Màn hình bảo vệ mắt - EYE CARE
Chuẩn DisplayHDR True Black 600
Low Blue Light
LED Backlit
Màn hình OLED
400 nits
600 nits (Khi bật HDR)
1.07 tỷ màu"
//www.thegioididong.com/laptop/asus-fx507vu-i7-lp186w,"15.6""",Full HD (1920 x 1080),144Hz,45% NTSC,"Tấm nền IPS
Chống chói Anti Glare
250 nits"
//www.thegioididong.com/laptop/hp-15s-fq5147tu-i7-7c133pa?utm_flashsale=1,"15.6""",Liquid Retina XDR display (3024 x 1964),up to 120 Hz,"ProMotion
Độ sáng XDR: toàn màn hình 1000 nits, cao nhất 1600 nits (chỉ nội dung HDR)
Độ sáng SDR: lên đến 1000 nits
Wide color (P3)
True Tone Technology
1 tỷ màu",Không có
//www.thegioididong.com/laptop/dell-inspiron-16-5640-core-7-n5640c7u161w11ibu,"16""",WUXGA,60Hz,100% sRGB,"Low Blue Light
Tấm nền IPS
Chống chói Anti Glare
Độ sáng 300 nits"
//www.thegioididong.com/laptop/lenovo-ideapad-5-2in1-14irh9-i5-83kx003wvn,"14""",WQXGA (2560 x 1600),165 Hz,100% sRGB,"Tấm nền IPS
Chống chói Anti Glare
400 nits"
//www.thegioididong.com/laptop/acer-aspire-lite-14-51m-36pn-i3-nxktwsv001,"14""",2.8K (2880 x 1800),120Hz,100% sRGB,"Tấm nền IPS
Acer ComfyView
400 nits"
//www.thegioididong.com/laptop/asus-zenbook-14-oled-ux3405ma-ultra-7-pp152w,"14""",Full HD (1920 x 1080),60Hz,Chống chói Anti Glare,Không có
//www.thegioididong.com/laptop/asus-ux5406sa-ultra-7-pv140ws,"14""",10,60Hz,100% DCI-P3,"Màn hình OLED
400 nits"
//www.thegioididong.com/laptop/asus-zenbook-a14-ux3407qa-x1-26-100-qd299ws,"14""",Full HD (1920 x 1080),120Hz,WVA,Không có
//www.thegioididong.com/laptop/hp-victus-15-fa1139tx-i5-8y6w3pa,"15.6""",Full HD+ (1920 x 1200),60Hz,45% NTSC,"TFT
LED Backlit
Acer ComfyView
Độ sáng 300 nits"
//www.thegioididong.com/laptop/macbook-pro-14-inch-m4-pro-48gb-1tb,"14.2""",Full HD (1920 x 1080),120Hz,WVA,Không có
//www.thegioididong.com/laptop/lenovo-thinkbook-14-g6-i7-21kg00bqvn,"14""",WQXGA (2560 x 1600),165 Hz,100% sRGB,"350 nits
Low Blue Light
G-Sync
AMD FreeSync Premium
Tấm nền IPS
Chống chói Anti Glare
Dolby Vision"
//www.thegioididong.com/laptop/gigabyte-aorus-16x-x6lag-i7-9rx6lasgddjixdvn010,"16""",WUXGA,165 Hz,45% NTSC,"Tấm nền IPS
Chống chói Anti Glare
250 nits"
//www.thegioididong.com/laptop/acer-swift-go-14-ai-73-71zx-ultra-7-nxkslsv002,"14""",Full HD+ (1920 x 1200),144Hz,100% sRGB,Tấm nền IPS
//www.thegioididong.com/laptop/asus-vivobook-15-x1504va-i5-nj025w?utm_flashsale=1,"15.6""",Full HD+,60Hz,45% NTSC,"TFT
Tấm nền IPS
LED Backlit
Acer ComfyView"
//www.thegioididong.com/laptop/lg-gram-16z90sp-ultra-7-16z90spkah78a5,"16""","WUXGA, OLED",60Hz,100% DCI-P3,"Low Blue Light
Màn hình OLED
400 nits"
//www.thegioididong.com/laptop/dell-inspiron-15-3530-i5-71043885,"15.6""",QHD,240Hz,100% sRGB,"Low Blue Light
Thời gian phản hồi: 3 ms
Tấm nền IPS
Chống chói Anti Glare
Độ sáng 300 nits"
//www.thegioididong.com/laptop/acer-aspire-lite-14-51m-59bn-i5-nxktxsv001,"14""",Liquid Retina XDR display (3024 x 1964),up to 120 Hz,"ProMotion
Độ sáng XDR: toàn màn hình 1000 nits, cao nhất 1600 nits (chỉ nội dung HDR)
Độ sáng SDR: lên đến 1000 nits
Wide color (P3)
True Tone Technology
1 tỷ màu",Không có
//www.thegioididong.com/laptop/dell-inspiron-15-3530-i7-71043888,"15.6""",10,120Hz,100% DCI-P3,"Chuẩn DisplayHDR True Black 600
Low Blue Light
Màn hình OLED
400 nits
600 nits (Khi bật HDR)
1.07 tỷ màu"
//www.thegioididong.com/laptop/lenovo-legion-slim-5-16ahp9-r7-83dh003avn,"16""",Full HD (1920 x 1080),60Hz,45% NTSC,"Tấm nền IPS
Chống chói Anti Glare
250 nits"
//www.thegioididong.com/laptop/gigabyte-g6-kf-rc56-i7-9rc56kf0hjjanivn000,"16""",Liquid Retina,Hãng không công bố,"Wide color (P3)
Công nghệ IPS
500 nits brightness
True Tone Technology
1 tỷ màu",Không có
//www.thegioididong.com/laptop/msi-cyborg-14-a13ve-i7-090vn,"14""",WUXGA,60Hz,45% NTSC,"Tấm nền IPS
Chống chói Anti Glare
Độ sáng 300 nits"
//www.thegioididong.com/laptop/acer-aspire-lite-16-g2-al16-52p-76du-i7-nxj2ssv005,"16""",Không có,Không có,Không có,Không có
//www.thegioididong.com/laptop/lenovo-ideapad-5-2in1-14irh9-i7-83kx003xvn,"14""",10,240Hz,100% DCI-P3,"3 ms
G-Sync
ROG Nebula HDR Display
Tấm nền IPS
Chống chói Anti Glare
500 nits brightness
Dolby Vision"
//www.thegioididong.com/laptop/hp-omen-16-xf0071ax-r7-8w946pa,"16.1""",Liquid Retina (2560 x 1664),Hãng không công bố,"Wide color (P3)
500 nits brightness
True Tone Technology
1 tỷ màu",Không có
//www.thegioididong.com/laptop/macbook-pro-14-inch-m4-16gb-512gb,"14.2""",Full HD (1920 x 1080),144Hz,"62.5% sRGB
47.34% Adobe RGB
45% NTSC","Tấm nền IPS
Chống chói Anti Glare
Adaptive-Sync
250 nits"
//www.thegioididong.com/laptop/asus-vivobook-s-16-oled-s5606ma-ultra-5-mx050w,"16""",Full HD (1920 x 1080),144Hz,"62.5% sRGB
47.34% Adobe RGB
45% NTSC","Tấm nền IPS
Chống chói Anti Glare
Adaptive-Sync
250 nits"
//www.thegioididong.com/laptop/hp-pavilion-15-eg3091tu-i7-8c5l2pa,"15.6""",Full HD (1920 x 1080),144Hz,"100% sRGB
75.35% Adobe RGB
72% NTSC","G-Sync
Tấm nền IPS
Chống chói Anti Glare"
//www.thegioididong.com/laptop/macbook-air-15-inch-m4-24gb-512gb,"15.3""",10,90 Hz,100% DCI-P3,"Thời gian phản hồi 0.2 ms
Màn hình bảo vệ mắt - EYE CARE
Chuẩn DisplayHDR True Black 600
Low Blue Light
Màn hình OLED
400 nits
600 nits (Khi bật HDR)
1.07 tỷ màu"
//www.thegioididong.com/laptop/hp-probook-460-g11-ultra-5-a74btpt,"16""",Liquid Retina XDR display (3456 x 2234),up to 120 Hz,"toàn màn hình 1000 nits, cao nhất 1600 nits (chỉ nội dung HDR)
Độ sáng SDR: lên đến 1000 nits
Wide color (P3)
True Tone Technology
1 tỷ màu",Không có
//www.thegioididong.com/laptop/macbook-pro-16-inch-m4-pro-48gb-512gb,Không có,Full HD (1920 x 1080),120Hz,WVA,Không có
//www.thegioididong.com/laptop/asus-rog-strix-g16-g614ju-i7-n4450w,"16""",10,60Hz,100% DCI-P3,"Thời gian phản hồi 0.2 ms
Low Blue Light
Màn hình OLED
500 nits (Khi bật HDR)
1.07 tỷ màu"
//www.thegioididong.com/laptop/macbook-air-13-m2-24gb-512gb,"13.6""","WUXGA, OLED",60Hz,100% DCI-P3,"Chuẩn DisplayHDR True Black 500
Low Blue Light
Màn hình OLED
400 nits"
//www.thegioididong.com/laptop/asus-tuf-gaming-a15-fa506nf-r5-hn012w?utm_flashsale=1,"15.6""",10,120Hz,100% DCI-P3,"Thời gian phản hồi 0.2 ms
Màn hình bảo vệ mắt - EYE CARE
Chuẩn DisplayHDR True Black 500
Low Blue Light
Màn hình OLED
400 nits
500 nits (Khi bật HDR)
1.07 tỷ màu"
//www.thegioididong.com/laptop/asus-tuf-gaming-a15-fa506nc-r5-hn017w?utm_flashsale=1,"15.6""",Liquid Retina XDR display (3456 x 2234),up to 120 Hz,"toàn màn hình 1000 nits, cao nhất 1600 nits (chỉ nội dung HDR)
Độ sáng SDR: lên đến 1000 nits
Wide color (P3)
True Tone Technology
1 tỷ màu",Không có
//www.thegioididong.com/laptop/asus-tuf-gaming-f15-fx507vu-i7-lp167w?utm_flashsale=1,"15.6""",10,60Hz,100% DCI-P3,"Thời gian phản hồi 0.2 ms
Low Blue Light
Màn hình OLED
400 nits
500 nits (Khi bật HDR)
1.07 tỷ màu"
//www.thegioididong.com/laptop/asus-zenbook-14-oled-i5-km657w?utm_flashsale=1,"14""",WUXGA,60Hz,45% NTSC,"Tấm nền IPS
Chống chói Anti Glare
Độ sáng 300 nits"
//www.thegioididong.com/laptop/macbook-pro-16-inch-m4-pro-24gb-512gb,"16.2""",Full HD (1920 x 1080),120Hz,"Chống chói Anti Glare
250 nits
WVA",Không có
//www.thegioididong.com/laptop/dell-inspiron-15-3520-i7-71053682,"15.6""",Full HD (1920 x 1080),144Hz,45% NTSC,"Tấm nền IPS
Chống chói Anti Glare
250 nits"
//www.thegioididong.com/laptop/hp-envy-x360-14-fc0083tu-ultra-7-a19bspa,"14""",Full HD (1920 x 1080),60Hz,45% NTSC,"Tấm nền IPS
Chống chói Anti Glare
250 nits"
//www.thegioididong.com/laptop/lenovo-ideapad-slim-5-14imh9-ultra-7-83da0020vn?utm_flashsale=1,"14""",Full HD (1920 x 1080),60Hz,45% NTSC,"Tấm nền IPS
Chống chói Anti Glare
250 nits"
//www.thegioididong.com/laptop/asus-zenbook-14-ux3405ca-ultra-7-pz368ws,"14""",Full HD (1920 x 1080),60Hz,45% NTSC,"220 nits
Acer ComfyView"
//www.thegioididong.com/laptop/macbook-pro-16-inch-m4-max-36gb-1tb,"16.2""",WUXGA,60Hz,45% NTSC,"Tấm nền IPS
Chống chói Anti Glare
Độ sáng 300 nits"
//www.thegioididong.com/laptop/hp-envy-x360-14-fa0050au-r5-a29h8pa,"14""",Không có,Không có,Không có,Không có
//www.thegioididong.com/laptop/asus-vivobook-16-x1605va-i5-mb1876ws,"16""",Không có,Không có,Không có,Không có
//www.thegioididong.com/laptop/dell-inspiron-15-3520-i5u085w11blu?utm_flashsale=1,"15.6""",Không có,Không có,Không có,Không có
//www.thegioididong.com/laptop/asus-gaming-tuf-f15-fx507zc4-i5-hn330w,"15.6""",Không có,Không có,Không có,Không có
//www.thegioididong.com/laptop/hp-240-g10-i5-9h2e4pt,"14""",Không có,Không có,Không có,Không có
//www.thegioididong.com/laptop/hp-probook-450-g10-i5-873d1pa?utm_flashsale=1,"15.6""",Không có,Không có,Không có,Không có
//www.thegioididong.com/laptop/acer-aspire-lite-15-51m-55nb-i5-nxkrssv001,"15.6""",Không có,Không có,Không có,Không có
//www.thegioididong.com/laptop/lenovo-thinkbook-16-g7-ultra-5-21ms007gvn,"16""",Không có,Không có,Không có,Không có
