Link,Card_Screen,Technology_Sound
//www.thegioididong.com/laptop/hp-envy-x360-14-fa0097au-r5-ay8u7pa,Card tích hợp - AMD Radeon Graphics,"Poly Studio
HP Audio Boost
DTS:X ULTRA"
//www.thegioididong.com/laptop/asus-vivobook-go-15-e1504fa-r5-nj776w,Card tích hợp - AMD Radeon Graphics,SonicMaster audio
//www.thegioididong.com/laptop/acer-predator-helios-neo-phn16-71-53m7-i5-nhqlusv005,"Card rời - NVIDIA GeForce RTX 4060, 8 GB","Acer Purified Voice
Acer TrueHarmony
DTS:X ULTRA"
//www.thegioididong.com/laptop/hp-240-g9-i3-ag2j5at,Card tích hợp - Intel UHD Graphics,Realtek High Definition Audio
//www.thegioididong.com/laptop/hp-envy-x360-14-fa0050au-r5-a29h8pa,Card tích hợp - AMD Radeon Graphics,"HP Audio Boost
DTS:X ULTRA"
//www.thegioididong.com/laptop/hp-victus-16-r0283tx-i5-ad9t3pa?utm_flashsale=1,"Card rời - NVIDIA GeForce RTX 3050, 6 GB","Audio by B&O
HP Audio Boost"
//www.thegioididong.com/laptop/lenovo-ideapad-slim-5-14imh9-ultra-5-83da001nvn,Card tích hợp - Intel Arc Graphics,Dolby Audio
//www.thegioididong.com/laptop/macbook-air-13-m2-24gb-512gb,Card tích hợp - 8 nhân GPU,"Spatial Audio
3 microphones
4 Loa
Dolby Atmos"
//www.thegioididong.com/laptop/dell-vostro-3530-i5-80gg93,Card tích hợp - Intel Iris Xe Graphics,Realtek High Definition Audio
//www.thegioididong.com/laptop/acer-aspire-7-gaming-a715-76g-5806-i5-nhqmfsv002,"Card rời - NVIDIA GeForce RTX 3050, 4 GB","Acer Purified Voice
Acer TrueHarmony"
//www.thegioididong.com/laptop/macbook-pro-16-inch-m4-max-36gb-1tb,Card tích hợp - 32 nhân GPU,"Wide stereo sound
Hệ thống âm thanh 6 loa
Spatial Audio
3 microphones
Dolby Atmos"
//www.thegioididong.com/laptop/lenovo-thinkpad-e16-ultra-7-21ma004pvn,Card tích hợp - Intel Arc Graphics,"Audio by Harman/Kardon
Dolby Atmos"
//www.thegioididong.com/laptop/asus-vivobook-s-16-s5606ca-ultra-7-ri115ws,Card tích hợp - Intel Arc Graphics,"Công nghệ Smart AMP
Audio by Harman/Kardon"
//www.thegioididong.com/laptop/hp-victus-16-s0173ax-r5-a9lg9pa?utm_flashsale=1,"Card rời - NVIDIA GeForce RTX 3050, 6 GB","Audio by B&O
HP Audio Boost"
//www.thegioididong.com/laptop/lenovo-thinkbook-16-g7-ultra-5-21ms007gvn,Card tích hợp - Intel Graphics,Dolby Audio
//www.thegioididong.com/laptop/hp-15-fd0303tu-i3-a2nl4pa,Card tích hợp - Intel UHD Graphics,Loa kép (2 kênh)
//www.thegioididong.com/laptop/lenovo-v15-g5-irl-core-5-83hf0000vn?utm_flashsale=1,Card tích hợp - Intel Graphics,Stereo speakers
//www.thegioididong.com/laptop/asus-rog-strix-g16-g614jv-i7-n3515w,"Card rời - NVIDIA GeForce RTX 4060, 8 GB","Hi-Res Audio
Công nghệ Smart AMP
Dolby Atmos"
//www.thegioididong.com/laptop/hp-victus-16-r0227tx-i5-9q978pa,"Card rời - NVIDIA GeForce RTX 4060, 8 GB","Audio by B&O
Realtek High Definition Audio"
//www.thegioididong.com/laptop/dell-vostro-15-3520-i5-v3520i5u165w11gru,Card tích hợp - Intel Iris Xe Graphics,Realtek Audio
//www.thegioididong.com/laptop/asus-zenbook-14-oled-um3406ka-r7-ai-350-pp555ws,Không có,Không có
//www.thegioididong.com/laptop/lenovo-yoga-7-2in1-14iml9-ultra-5-83dj00dmvn,Card tích hợp - Intel Arc Graphics,"Công nghệ Smart AMP
Dolby Atmos"
//www.thegioididong.com/laptop/asus-fx507zc4-i7-hn181w,"Card rời - NVIDIA GeForce RTX 3050, 4 GB","Hi-Res Audio
Dolby Atmos"
//www.thegioididong.com/laptop/hp-elitebook-x360-830-g11-ultra-5-a7rb9pt,Card tích hợp - Intel Graphics,"Poly Studio
Realtek High Definition Audio"
//www.thegioididong.com/laptop/lenovo-thinkpad-e14-ultra-7-21m70051vn,Card tích hợp - Intel Arc Graphics,"Audio by Harman/Kardon
Dolby Atmos"
//www.thegioididong.com/laptop/acer-swift-lite-14-ai-sfl14-51m-56hs-ultra-5-nxj1hsv002,Card tích hợp - Intel Arc Graphics,Stereo speakers
//www.thegioididong.com/laptop/acer-nitro-5-an515-58-769j-i7-nhqfhsv003,"Card rời - NVIDIA GeForce RTX 3050, 4 GB","Spatial Audio
Acer Purified Voice
Acer TrueHarmony
DTS:X ULTRA"
//www.thegioididong.com/laptop/macbook-air-15-inch-m4-24gb-256gb,Card tích hợp - 10 nhân GPU,"Hệ thống âm thanh 6 loa
3 microphones
Dolby Atmos"
//www.thegioididong.com/laptop/hp-envy-x360-14-fc0083tu-ultra-7-a19bspa,Card tích hợp - Intel Graphics,"HP Audio Boost
DTS:X ULTRA"
//www.thegioididong.com/laptop/macbook-air-15-inch-m3-2024-16gb-256gb,Card tích hợp - 10 nhân GPU,"Hệ thống âm thanh 6 loa
Spatial Audio
3 microphones
Dolby Atmos"
//www.thegioididong.com/laptop/macbook-air-13-inch-m3-2024-16gb-512gb,Card tích hợp - 10 nhân GPU,"Spatial Audio
3 microphones
4 Loa
Dolby Atmos"
//www.thegioididong.com/laptop/macbook-air-15-inch-m4-24gb-512gb,Card tích hợp - 10 nhân GPU,"Hệ thống âm thanh 6 loa
3 microphones
Dolby Atmos"
//www.thegioididong.com/laptop/macbook-air-13-inch-m4-24gb-256gb,Card tích hợp - 10 nhân GPU,"3 microphones
4 Loa
Dolby Atmos"
//www.thegioididong.com/laptop/asus-vivobook-16-x1605va-i5-mb1876ws,Card tích hợp - Intel Iris Xe Graphics,SonicMaster audio
//www.thegioididong.com/laptop/msi-katana-a15-ai-b8vg-r9-466vn,"Card rời - NVIDIA GeForce RTX 4070, 8 GB",2 x 2W Speaker
//www.thegioididong.com/laptop/hp-240-g9-i3-6l1x8pa,Card tích hợp - Intel UHD Graphics,Realtek High Definition Audio
//www.thegioididong.com/laptop/gigabyte-g5-mf5-rc555-i7-9rc55mf5fjiinivn000?utm_flashsale=1,"Card rời - NVIDIA GeForce RTX 4050, 6 GB",X ULTRA
//www.thegioididong.com/laptop/macbook-air-13-inch-m4-16gb-512gb,Card tích hợp - 10 nhân GPU,"3 microphones
4 Loa
Dolby Atmos"
//www.thegioididong.com/laptop/dell-xps-13-9350-ultra-7-xpsu7016w1,Card tích hợp - Intel Arc Graphics,Realtek Audio
//www.thegioididong.com/laptop/hp-15-fd0015tu-i7-a19c5pa,Card tích hợp - Intel Iris Xe Graphics,Realtek High Definition Audio
//www.thegioididong.com/laptop/macbook-pro-14-inch-m4-16gb-1tb,Card tích hợp - 10 nhân GPU,"Hệ thống âm thanh 6 loa
Spatial Audio
3 microphones
Dolby Atmos"
//www.thegioididong.com/laptop/dell-inspiron-15-3520-i7-n3520i7u165w11blufp,Card tích hợp - Intel Iris Xe Graphics,Realtek Audio
//www.thegioididong.com/laptop/msi-bravo-15-b7ed-r5-010vn,Không có,Không có
//www.thegioididong.com/laptop/lenovo-loq-15iax9-i5-83gs001qvn,"Card rời - NVIDIA GeForce RTX 4050, 6 GB",Nahimic Audio
//www.thegioididong.com/laptop/lenovo-loq-15arp9-r7-83jc0040vn,"Card rời - NVIDIA GeForce RTX 4050, 6 GB",Nahimic Audio
//www.thegioididong.com/laptop/msi-thin-15-b13uc-i7-1411vn,"Card rời - NVIDIA GeForce RTX 3050, 4 GB",Nahimic Audio
//www.thegioididong.com/laptop/lenovo-thinkpad-e16-ultra-5-21ma0049vn,Card tích hợp - Intel Graphics,"Audio by Harman/Kardon
Dolby Atmos"
//www.thegioididong.com/laptop/hp-pavilion-15-eg3093tu-i5-8c5l4pa,Card tích hợp - Intel Iris Xe Graphics,"Audio by B&O
Realtek High Definition Audio
HP Audio Boost"
//www.thegioididong.com/laptop/asus-fa507uv-r7-lp142w?utm_flashsale=1,"Card rời - NVIDIA GeForce RTX 4060, 8 GB","Hi-Res Audio
Dolby Atmos"
//www.thegioididong.com/laptop/lenovo-legion-pro-5-16irx9-i9-83df0047vn,"Card rời - NVIDIA GeForce RTX 4060, 8 GB",Nahimic Audio
//www.thegioididong.com/laptop/dell-inspiron-15-3530-i7-71043888,Card tích hợp - Intel Iris Xe Graphics,Realtek Audio
//www.thegioididong.com/laptop/dell-inspiron-15-3520-i7-n5i7125w1,Card tích hợp - Intel Iris Xe Graphics,Realtek Audio
//www.thegioididong.com/laptop/acer-nitro-5-tiger-an515-58-773y-i7-nhqfksv001,Không có,Không có
//www.thegioididong.com/laptop/dell-inspiron-15-3530-i7-p16wd,Card tích hợp - Intel Iris Xe Graphics,Realtek High Definition Audio
//www.thegioididong.com/laptop/lenovo-thinkpad-x13-ultra-7-21lu004lvn,Card tích hợp - Intel Arc Graphics,Dolby AudioPremium
//www.thegioididong.com/laptop/asus-rog-strix-g16-g614ju-i7-n4450w,"Card rời - NVIDIA GeForce RTX 4050, 6 GB","Hi-Res certification
Công nghệ Smart AMP
Dolby Atmos"
//www.thegioididong.com/laptop/msi-modern-15-f13mg-i5-082vn,Card tích hợp - Intel Iris Xe Graphics,Hi-Res Audio
//www.thegioididong.com/laptop/msi-prestige-16-ai-b2vmg-ultra-9-288v-016vn,Card tích hợp - Intel Arc 140V,"Hi-Res Audio
DTS Audio"
//www.thegioididong.com/laptop/macbook-pro-14-nano-m4-max-36-1t,Card tích hợp - 32 nhân GPU,"Hệ thống âm thanh 6 loa
Spatial Audio
3 microphones
Dolby Atmos"
//www.thegioididong.com/laptop/macbook-pro-14-inch-m4-pro-24gb-1tb,Card tích hợp - 16 nhân GPU,"Hệ thống âm thanh 6 loa
Spatial Audio
3 microphones
Dolby Atmos"
//www.thegioididong.com/laptop/asus-tuf-gaming-a15-fa507nu-r5-lp105w?utm_flashsale=1,"Card rời - NVIDIA GeForce RTX 4050, 6 GB","Hi-Res Audio
Dolby Atmos"
//www.thegioididong.com/laptop/dell-inspiron-14-5440-core-7-n4i7204w1,Không có,Không có
//www.thegioididong.com/laptop/dell-inspiron-15-3520-i5u085w11blu?utm_flashsale=1,Card tích hợp - Intel UHD Graphics (Iris Xe Graphics chỉ hoạt động với RAM kênh đôi),Realtek Audio
//www.thegioididong.com/laptop/macbook-air-13-inch-m3-16gb-256gb-8gpu,Card tích hợp - 8 nhân GPU,"Spatial Audio
3 microphones
4 Loa
Dolby Atmos"
//www.thegioididong.com/laptop/acer-nitro-v-anv15-51-53ne-i5-nhqnasv002,"Card rời - NVIDIA GeForce RTX 2050, 4 GB","Acer Purified Voice
Acer TrueHarmony
DTS:X ULTRA"
//www.thegioididong.com/laptop/asus-vivobook-15-oled-a1505va-i9-ma586ws,Card tích hợp - Intel Iris Xe Graphics,SonicMaster audio
//www.thegioididong.com/laptop/asus-x1404va-i5-nk771ws,Card tích hợp - Intel Iris Xe Graphics,SonicMaster audio
//www.thegioididong.com/laptop/asus-zenbook-duo-ux8406ca-ultra-9-pz109ws,Card tích hợp - Intel Arc Graphics,Công nghệ Smart AMP
//www.thegioididong.com/laptop/asus-vivobook-14x-oled-k3405vc-i5-km006w?utm_flashsale=1,"Card rời - NVIDIA GeForce RTX 3050, 4 GB",SonicMaster audio
//www.thegioididong.com/laptop/acer-aspire-lite-al16-51p-596h-i5-nxkwzsv002,Card tích hợp - Intel UHD Graphics,Stereo speakers
//www.thegioididong.com/laptop/macbook-air-13-inch-m4-16gb-256gb,Card tích hợp - 8 nhân GPU,"3 microphones
4 Loa
Dolby Atmos"
//www.thegioididong.com/laptop/msi-stealth-18-hx-ai-a2xwig-ultra-9-017vn,Không có,Không có
//www.thegioididong.com/laptop/asus-x1504za-i5-nj1608w,Card tích hợp - Intel Iris Xe Graphics,"Hi-Res Audio
Nahimic Audio"
//www.thegioididong.com/laptop/msi-katana-15-b13vfk-i7-676vn,"Card rời - NVIDIA GeForce RTX 4060, 8 GB","HP Audio Boost
DTS:X ULTRA"
//www.thegioididong.com/laptop/hp-spectre-x360-14-eu0050tu-ultra-7-a19blpa,Card tích hợp - Intel Arc Graphics,"Poly Studio
Realtek High Definition Audio"
//www.thegioididong.com/laptop/hp-elitebook-635-aero-g11-r5-a8ws6pt,Card tích hợp - AMD Radeon Graphics,"Wide stereo sound
Hệ thống âm thanh 6 loa
Spatial Audio
3 microphones
Dolby Atmos"
//www.thegioididong.com/laptop/macbook-pro-16-inch-m4-pro-24gb-1tb,Card tích hợp - 20 nhân GPU,"Acer Purified Voice
Acer TrueHarmony
DTS:X ULTRA"
//www.thegioididong.com/laptop/acer-nitro-v-anv15-51-58an-i5-nhqnasv001,"Card rời - NVIDIA GeForce RTX 2050, 4 GB","Audio by B&O
HP Audio Boost"
//www.thegioididong.com/laptop/hp-victus-15-fb1022ax-r5-94f19pa,"Card rời - NVIDIA GeForce RTX 2050, 4 GB",Công nghệ Smart AMP
//www.thegioididong.com/laptop/asus-zenbook-s16-um5606ka-r7-ai-350-rk113ws,Card tích hợp - AMD Radeon Graphics,Realtek High Definition Audio
//www.thegioididong.com/laptop/hp-elitebook-630-g10-i7-9h1n9pt?utm_flashsale=1,Card tích hợp - Intel UHD Graphics (Iris Xe Graphics chỉ hoạt động với RAM kênh đôi),"Poly Studio
HP Audio Boost
DTS:X ULTRA"
//www.thegioididong.com/laptop/hp-envy-x360-14-fc0162tu-ultra-5-ay8x1pa,Card tích hợp - Intel Graphics,SonicMaster audio
//www.thegioididong.com/laptop/asus-gaming-vivobook-k3605zu-i5-rp296w?utm_flashsale=1,"Card rời - NVIDIA GeForce RTX 4050, 6 GB","Acer Purified Voice
Acer TrueHarmony
DTS:X ULTRA"
//www.thegioididong.com/laptop/acer-nitro-v-16-propanel-anv16-41-r6zy-r5-nhqp2sv002,"Card rời - NVIDIA GeForce RTX 3050, 6 GB","Công nghệ Smart AMP
Dolby Atmos"
//www.thegioididong.com/laptop/lenovo-yoga-pro-7-14imh9-ultra-7-83e2006mvn,"Card rời - NVIDIA GeForce RTX 4050, 6 GB","Công nghệ Smart AMP
Dolby Atmos"
//www.thegioididong.com/laptop/lenovo-yoga-pro-7-14imh9-ultra-7-83e2005dvn,"Card rời - NVIDIA GeForce RTX 4050, 6 GB","Công nghệ Smart AMP
Audio by Harman/Kardon
Dolby Atmos"
//www.thegioididong.com/laptop/asus-zenbook-14-oled-ux3405ma-ultra-7-pp152w,Card tích hợp - Intel Arc Graphics,"Acer Purified Voice
Acer TrueHarmony
DTS:X ULTRA"
//www.thegioididong.com/laptop/acer-swift-go-14-ai-73-71zx-ultra-7-nxkslsv002,Card tích hợp - Intel Arc Graphics,"Sound by Dynaudio
Hi-Res Audio
Nahimic 3"
//www.thegioididong.com/laptop/msi-stealth-a16-ai-a3xvgg-r9-ai-hx-370-208vn,"Card rời - NVIDIA GeForce RTX 4070, 8 GB",Dolby Audio
//www.thegioididong.com/laptop/lenovo-ideapad-slim-3-15irh10-i7-83k1000fvn,Card tích hợp - Intel UHD Graphics,Realtek High Definition Audio
//www.thegioididong.com/laptop/hp-240-g9-i5-6l1y2pa,Card tích hợp - Intel UHD Graphics (Iris Xe Graphics chỉ hoạt động với RAM kênh đôi),Dolby Audio
//www.thegioididong.com/laptop/lenovo-ideapad-slim-5-15iru9-core-5-83d0000evn,Card tích hợp - Intel Graphics,Không có
//www.thegioididong.com/laptop/acer-predator-helios-18-ai-ph18-73-98aq-ultra-9-nhqvwsv001,Không có,Realtek Audio
//www.thegioididong.com/laptop/dell-inspiron-15-3530-i5-n3530i5u165w11slu,Card tích hợp - Intel Iris Xe Graphics,Dolby Atmos
//www.thegioididong.com/laptop/asus-vivobook-s-14-oled-s5406ma-ultra-5-pp136w,Card tích hợp - Intel Arc Graphics,"Realtek High Definition Audio
HP Audio Boost
Bang & Olufsen audio
DTS:X ULTRA"
//www.thegioididong.com/laptop/lenovo-thinkpad-x1-carbon-ultra-7-21kc00agvn,Card tích hợp - Intel Graphics,Stereo speakers
//www.thegioididong.com/laptop/hp-omen-16-xf0070ax-r9-8w945pa,"Card rời - NVIDIA GeForce RTX 4070, 8 GB",Realtek Audio
//www.thegioididong.com/laptop/acer-aspire-lite-14-51m-36pn-i3-nxktwsv001?utm_flashsale=1,Card tích hợp - Intel UHD Graphics,Realtek Audio
//www.thegioididong.com/laptop/dell-inspiron-15-3530-i7-n5i7240w1,Card tích hợp - Intel Iris Xe Graphics,Dolby Audio
//www.thegioididong.com/laptop/dell-xps-13-9340-ultra-7-hxrgt,Card tích hợp - Intel Arc Graphics,Dolby Audio
//www.thegioididong.com/laptop/lenovo-ideapad-flex-5-14abr8-r7-7730u-82xx00dlvn,Card tích hợp - AMD Radeon Graphics,Dolby Audio
//www.thegioididong.com/laptop/lenovo-thinkbook-14-g7-ultra-7-21mr0070vn,Card tích hợp - Intel Graphics,Realtek Audio
//www.thegioididong.com/laptop/lenovo-thinkpad-v14-i7-83a00012vn?utm_flashsale=1,Card tích hợp - Intel Iris Xe Graphics,"Hi-Res Audio
Dolby Atmos"
//www.thegioididong.com/laptop/dell-inspiron-7440-core-5-n4i5006w1,Card tích hợp - Intel Graphics,Dolby Atmos
//www.thegioididong.com/laptop/asus-tuf-gaming-f15-fx507vu-i7-lp167w?utm_flashsale=1,"Card rời - NVIDIA GeForce RTX 4050, 6 GB",Stereo speakers
//www.thegioididong.com/laptop/lg-gram-14z90s-ultra-7-14z90sgah75a5,Card tích hợp - Intel Arc Graphics,"Audio by Harman/Kardon
Dolby Atmos"
//www.thegioididong.com/laptop/acer-aspire-3-a315-59-5283-i5-nxk6tsv00b?utm_flashsale=1,Card tích hợp - Intel UHD Graphics (Iris Xe Graphics chỉ hoạt động với RAM kênh đôi),"Hi-Res Audio
DTS Audio"
//www.thegioididong.com/laptop/lenovo-thinkpad-e14-ultra-5-21m7004lvn,Card tích hợp - Intel Graphics,"HP Audio Boost
DTS:X ULTRA"
//www.thegioididong.com/laptop/msi-prestige-14-ai-studio-c1udxg-ultra-7-058vn,"Card rời - NVIDIA GeForce RTX 3050, 6 GB","Hi-Res Audio
DTS Audio"
//www.thegioididong.com/laptop/hp-envy-x360-14-fa0048au-r7-a19bqpa?utm_flashsale=1,Card tích hợp - AMD Radeon Graphics,"HP Audio Boost
DTS:X ULTRA"
//www.thegioididong.com/laptop/msi-thin-15-b13ucx-i5-2080vn,"Card rời - NVIDIA GeForce RTX 2050, 4 GB",Realtek Audio
//www.thegioididong.com/laptop/hp-envy-x360-14-fc0089tu-ultra-7-a19bzpa,Card tích hợp - Intel Graphics,Realtek High Definition Audio
//www.thegioididong.com/laptop/dell-inspiron-15-3530-i5-71043885,Card tích hợp - Intel Iris Xe Graphics,Dolby Audio
//www.thegioididong.com/laptop/hp-probook-450-g10-i5-9h1n5pt?utm_flashsale=1,Card tích hợp - Intel UHD Graphics (Iris Xe Graphics chỉ hoạt động với RAM kênh đôi),SonicMaster audio
//www.thegioididong.com/laptop/lenovo-ideapad-slim-5-oled-14irh10-i5-83hr0001vn,Card tích hợp - Intel UHD Graphics,Dolby Audio
//www.thegioididong.com/laptop/asus-vivobook-k3605zc-i5-rp629w?utm_flashsale=1,"Card rời - NVIDIA GeForce RTX 3050, 4 GB","Hi-Res certification
Dolby Atmos"
//www.thegioididong.com/laptop/lenovo-thinkbook-16-g6-i5-21kh00q0vn,Card tích hợp - Intel UHD Graphics,"Wide stereo sound
Hệ thống âm thanh 6 loa
Spatial Audio
3 microphones
Dolby Atmos"
//www.thegioididong.com/laptop/asus-tuf-gaming-fx517ze-i5-hn045w,"Card rời - NVIDIA GeForce RTX 3050Ti, 4 GB",SonicMaster audio
//www.thegioididong.com/laptop/macbook-pro-16-inch-m4-pro-48gb-512gb,Card tích hợp - 20 nhân GPU,"Spatial Audio
Acer Purified Voice
Acer TrueHarmony
DTS:X ULTRA"
//www.thegioididong.com/laptop/asus-vivobook-16-x1605va-i5-mb360w,Card tích hợp - Intel Iris Xe Graphics,"Acer Purified Voice
Acer TrueHarmony
DTS:X ULTRA"
//www.thegioididong.com/laptop/acer-nitro-v-15-anv15-41-r1jy-r5-nhqpfsv001,"Card rời - NVIDIA GeForce RTX 3050, 6 GB","Poly Studio
Realtek High Definition Audio"
//www.thegioididong.com/laptop/acer-nitro-an515-58-773y-i7-12700h-nhqfksv00116g,"Card rời - NVIDIA GeForce RTX 3050Ti, 4 GB","Acer TrueHarmony
DTS:X ULTRA"
//www.thegioididong.com/laptop/hp-probook-460-g11-ultra-5-a74btpt,Card tích hợp - Intel Graphics,"Hệ thống âm thanh 6 loa
3 microphones
Dolby Atmos"
//www.thegioididong.com/laptop/acer-nitro-5-tiger-an515-58-52sp-i5-nhqfhsv001,"Card rời - NVIDIA GeForce RTX 3050, 4 GB","Poly Studio
HP Audio Boost
DTS:X ULTRA"
//www.thegioididong.com/laptop/macbook-air-15-inch-m4-32gb-256gb,Card tích hợp - 10 nhân GPU,Realtek Audio
//www.thegioididong.com/laptop/hp-envy-x360-14-fc0153tu-ultra-7-ay8v4pa?utm_flashsale=1,Card tích hợp - Intel Graphics,Stereo speakers
//www.thegioididong.com/laptop/dell-xps-13-9340-ultra-7-hxrgt2,Card tích hợp - Intel Arc Graphics,"Spatial Audio
3 microphones
4 Loa
Dolby Atmos"
//www.thegioididong.com/laptop/samsung-galaxy-chromebook-go-xe340xda-n4500,Card tích hợp - Intel UHD Graphics,"Hệ thống âm thanh 6 loa
3 microphones
Dolby Atmos"
//www.thegioididong.com/laptop/apple-macbook-air-m2-2022-16gb-256gb,Card tích hợp - 8 nhân GPU,"Hệ thống âm thanh 6 loa
Spatial Audio
3 microphones
Dolby Atmos"
//www.thegioididong.com/laptop/macbook-air-15-inch-m4-24gb-1tb,Card tích hợp - 10 nhân GPU,Không có
//www.thegioididong.com/laptop/macbook-pro-14-inch-m4-pro-48gb-1tb,Card tích hợp - 16 nhân GPU,Stereo speakers
//www.thegioididong.com/laptop/dell-inspiron-15-3530-i5-n5i5340w1,Không có,Dolby Audio
//www.thegioididong.com/laptop/acer-aspire-lite-16-g2-al16-52p-572a-i5-nxj2ssv004,Card tích hợp - Intel Iris Xe Graphics,"Hệ thống âm thanh 6 loa
Spatial Audio
3 microphones
Dolby Atmos"
//www.thegioididong.com/laptop/lenovo-thinkpad-x13-ultra-5-21lu004nvn,Card tích hợp - Intel Graphics,"3 microphones
4 Loa
Dolby Atmos"
//www.thegioididong.com/laptop/macbook-pro-14-inch-m4-pro-48gb-512gb,Card tích hợp - 16 nhân GPU,Dolby Atmos
//www.thegioididong.com/laptop/macbook-air-13-inch-m4-32gb-512gb,Card tích hợp - 10 nhân GPU,"HP Audio Boost
DTS:X ULTRA"
//www.thegioididong.com/laptop/lg-gram-16z90sp-ultra-7-16z90spkah78a5,Card tích hợp - Intel Arc Graphics,"Công nghệ Smart AMP
Audio by Harman/Kardon"
//www.thegioididong.com/laptop/hp-omen-14-fb0135tx-ultra-7-ay8v1pa,"Card rời - NVIDIA GeForce RTX 4060, 8 GB",Realtek High Definition Audio
//www.thegioididong.com/laptop/asus-vivobook-s-14-s5406sa-ultra-5-pp060ws,Card tích hợp - Intel Arc Graphics,SonicMaster audio
//www.thegioididong.com/laptop/hp-probook-450-g10-i7-9h8h1pt?utm_flashsale=1,Card tích hợp - Intel UHD Graphics (Iris Xe Graphics chỉ hoạt động với RAM kênh đôi),Nahimic Audio
//www.thegioididong.com/laptop/asus-vivobook-16-m1607ka-r7-ai-350-mb091ws,Card tích hợp - AMD Radeon Graphics,Dolby Atmos
//www.thegioididong.com/laptop/lenovo-legion-pro-5-16irx9-i9-83df0046vn,"Card rời - NVIDIA GeForce RTX 4070, 8 GB","Acer Purified Voice
Acer TrueHarmony
DTS:X ULTRA"
//www.thegioididong.com/laptop/lg-gram-16z90s-ultra-7-16z90sgah76a5,Card tích hợp - Intel Arc Graphics,SonicMaster audio
//www.thegioididong.com/laptop/acer-swift-ai-sf14-51-53p9-ultra-5-nxj2ksv002,Card tích hợp - Intel Arc Graphics 130V,Stereo speakers
//www.thegioididong.com/laptop/asus-vivobook-14-a1405va-i3-ly097w?utm_flashsale=1,Card tích hợp - Intel UHD Graphics,"Hi-Res Audio
DTS Audio"
//www.thegioididong.com/laptop/acer-aspire-lite-16-g2-al16-52p-76du-i7-nxj2ssv005?utm_flashsale=1,Card tích hợp - Intel Iris Xe Graphics eligible,2 x 2W Speaker
//www.thegioididong.com/laptop/msi-prestige-14-ai-studio-c1veg-ultra-7-056vn,"Card rời - NVIDIA GeForce RTX 4050, 6 GB","Hi-Res Audio
DTS Audio"
//www.thegioididong.com/laptop/msi-creator-m16-hx-c14vfg-i7-040vn,"Card rời - NVIDIA GeForce RTX 4060, 8 GB",HP Audio Boost
//www.thegioididong.com/laptop/msi-prestige-13-ai-evo-a1mg-ultra-7-062vn,Card tích hợp - Intel Arc Graphics,"Hi-Res Audio
Dolby Atmos"
//www.thegioididong.com/laptop/hp-pavilion-x360-14-ek2024tu-core-5-9z2v6pa,Card tích hợp - Intel Graphics,Realtek Audio
//www.thegioididong.com/laptop/asus-tuf-gaming-f15-fx507zc4-i5-hn229w?utm_flashsale=1,"Card rời - NVIDIA GeForce RTX 3050, 4 GB","Poly Studio
Realtek High Definition Audio"
//www.thegioididong.com/laptop/dell-latitude-5450-ultra-5-l5450125u16512w,Card tích hợp - Intel Graphics,Công nghệ Smart AMP
//www.thegioididong.com/laptop/hp-elitebook-635-aero-g11-r7-a8ws7pt,Card tích hợp - AMD Radeon Graphics,2 x 2W Speaker
//www.thegioididong.com/laptop/asus-zenbook-a14-ux3407qa-x1-26-100-qd299ws,Card tích hợp - Qualcomm Adreno GPU,"Công nghệ Smart AMP
Audio by Harman/Kardon"
//www.thegioididong.com/laptop/msi-thin-15-b12ucx-i5-2046vn,"Card rời - NVIDIA GeForce RTX 2050, 4 GB",Realtek Audio
//www.thegioididong.com/laptop/asus-vivobook-s-16-s5606ca-ultra-5-ri114ws,Card tích hợp - Intel Arc Graphics,"Hi-Res Audio
Dolby Atmos"
//www.thegioididong.com/laptop/dell-inspiron-15-3520-i5-n3520i5u165w11blufp,Card tích hợp - Intel Iris Xe Graphics,Acer Purified Voice
//www.thegioididong.com/laptop/asus-gaming-tuf-f15-fx507zc4-i5-hn330w,"Card rời - NVIDIA GeForce RTX 3050, 4 GB","Acer Purified Voice
Acer TrueHarmony"
//www.thegioididong.com/laptop/acer-aspire-5-a515-58m-79r7-i7-nxkq8sv007,Card tích hợp - Intel UHD Graphics,Nahimic Audio
//www.thegioididong.com/laptop/acer-aspire-16-ai-a16-71m-71u7-ultra-7-nxj4ysv002,Card tích hợp - Intel Arc Graphics,SonicMaster audio
//www.thegioididong.com/laptop/msi-gaming-katana-a15-ai-b8vf-r7-419vn,"Card rời - NVIDIA GeForce RTX 4060, 8 GB","Spatial Audio
3 microphones
4 Loa
Dolby Atmos"
//www.thegioididong.com/laptop/asus-vivobook-x1404za-i5-nk376w,Card tích hợp - Intel Iris Xe Graphics,Stereo speakers
//www.thegioididong.com/laptop/apple-macbook-air-m2-2022-16gb-256gb-10gpu,Card tích hợp - 10 nhân GPU,"Công nghệ Smart AMP
Dolby Atmos"
//www.thegioididong.com/laptop/acer-aspire-lite-14-51m-36mh-i3-nxktvsv001?utm_flashsale=1,Card tích hợp - Intel UHD Graphics,"Hi-Res Audio
Dolby Atmos"
//www.thegioididong.com/laptop/lenovo-yoga-7-2in1-14iml9-ultra-7-83dj001fvn,Card tích hợp - Intel Arc Graphics,Acer Purified Voice
//www.thegioididong.com/laptop/asus-fx507vu-i7-lp186w,"Card rời - NVIDIA GeForce RTX 4050, 6 GB","Audio by B&O
Realtek High Definition Audio
HP Audio Boost"
//www.thegioididong.com/laptop/acer-aspire-3-a314-42p-r3b3-r7-nxksfsv001?utm_flashsale=1,Card tích hợp - AMD Radeon Graphics,Acer Purified Voice
//www.thegioididong.com/laptop/hp-victus-15-fa1139tx-i5-8y6w3pa,"Card rời - NVIDIA GeForce RTX 2050, 4 GB",Hi-Res Audio
//www.thegioididong.com/laptop/acer-aspire-5-a515-58gm-51lb-i5-nxkq4sv002,"Card rời - NVIDIA GeForce RTX 2050, 4 GB","Hệ thống âm thanh 6 loa
3 microphones
Dolby Atmos"
//www.thegioididong.com/laptop/msi-katana-15-b13udxk-i7-2077vn,"Card rời - NVIDIA GeForce RTX 3050, 6 GB",Realtek Audio
//www.thegioididong.com/laptop/macbook-air-15-inch-m4-32gb-512gb,Card tích hợp - 10 nhân GPU,Realtek High Definition Audio
//www.thegioididong.com/laptop/dell-g15-5530-i9-i9hx161w11gr4060,"Card rời - NVIDIA GeForce RTX 4060, 8 GB",Realtek High Definition Audio
//www.thegioididong.com/laptop/hp-240-g8-i3-6l1a2pa?utm_flashsale=1,Card tích hợp - Intel UHD Graphics,Dolby Audio
//www.thegioididong.com/laptop/hp-240-g9-i5-ag2j7at,Card tích hợp - Intel UHD Graphics (Iris Xe Graphics chỉ hoạt động với RAM kênh đôi),Dolby Audio
//www.thegioididong.com/laptop/lenovo-ideapad-slim-5-14imh9-ultra-7-83da0020vn?utm_flashsale=1,Card tích hợp - Intel Arc Graphics,Realtek Audio
//www.thegioididong.com/laptop/lenovo-thinkpad-t14s-ultra-5-21ls005rvn,Card tích hợp - Intel Arc Graphics,"Công nghệ Smart AMP
Audio by Harman/Kardon"
//www.thegioididong.com/laptop/dell-inspiron-15-3530-i7-n5i7301w1,Card tích hợp - Intel Iris Xe Graphics,Realtek Audio
//www.thegioididong.com/laptop/asus-s5507qa-x1e-78-100-ma090ws,Card tích hợp - Qualcomm Adreno GPU,Không có
//www.thegioididong.com/laptop/dell-g15-5530-i7-i7hx161w11gr4060,"Card rời - NVIDIA GeForce RTX 4060, 8 GB","Hi-Res certification
Công nghệ Smart AMP
Dolby Atmos"
//www.thegioididong.com/laptop/hp-245-g10-r5-a20tdpt,Card tích hợp - AMD Radeon Graphics,"Hi-Res Audio
Dolby Atmos"
//www.thegioididong.com/laptop/asus-rog-flow-z13-gz302ea-ryzen-ai-max-395-ru080ws,Card tích hợp - AMD Radeon Graphics,Dolby Audio
//www.thegioididong.com/laptop/asus-fa507nur-r7-lp057w,"Card rời - NVIDIA GeForce RTX 4050, 6 GB",Nahimic Audio
//www.thegioididong.com/laptop/lenovo-ideapad-slim-5-14imh9-ultra-5-83da006tvn,Card tích hợp - Intel Arc Graphics,HP Audio Boost
//www.thegioididong.com/laptop/lenovo-legion-5-15irx9-i7-83jj000fvn,"Card rời - NVIDIA GeForce RTX 4060, 8 GB","Hi-Res Audio
Dolby Atmos"
//www.thegioididong.com/laptop/hp-pavilion-x360-14-ek2027tu-core-7-9z2v9pa,Card tích hợp - Intel Graphics,"Hi-Res Audio
DTS Audio"
//www.thegioididong.com/laptop/asus-fx507vv-i7-lp151w,"Card rời - NVIDIA GeForce RTX 4060, 8 GB",Realtek Audio
//www.thegioididong.com/laptop/msi-thin-15-b12uc-i5-2045vn,"Card rời - NVIDIA GeForce RTX 3050, 4 GB","Acer Purified Voice
Acer TrueHarmony"
//www.thegioididong.com/laptop/dell-latitude-3450-i5-l34501335u16512w,Card tích hợp - Intel UHD Graphics,Nahimic Audio
//www.thegioididong.com/laptop/acer-aspire-7-a715-76-53pj-i5-nhqgesv007?utm_flashsale=1,Card tích hợp - Intel UHD Graphics,Hi-Res Audio
//www.thegioididong.com/laptop/lenovo-legion-slim-5-16ahp9-r7-83dh003avn,"Card rời - NVIDIA GeForce RTX 4060, 8 GB",Hi-Res Audio
//www.thegioididong.com/laptop/msi-cyborg-14-a13ve-i7-090vn,"Card rời - NVIDIA GeForce RTX 4050, 6 GB",Dolby Audio
//www.thegioididong.com/laptop/msi-modern-14-c13m-i5-611vn,Card tích hợp - Intel Iris Xe Graphics,Hi-Res Audio
//www.thegioididong.com/laptop/lenovo-ideapad-5-2in1-14irh9-i7-83kx003xvn,Card tích hợp - Intel UHD Graphics,"Công nghệ Smart AMP
Dolby Atmos"
//www.thegioididong.com/laptop/msi-katana-a15-ai-b8vg-r7-465vn,"Card rời - NVIDIA GeForce RTX 4070, 8 GB","HP Audio Boost
DTS:X ULTRA"
//www.thegioididong.com/laptop/lenovo-yoga-pro-7-14asp9-r9-83hn0022vn,Card tích hợp - AMD Radeon 880M,Hi-Res Audio
//www.thegioididong.com/laptop/hp-envy-x360-14-fc0094tu-ultra-5-a19c4pa?utm_flashsale=1,Card tích hợp - Intel Graphics,"Công nghệ Smart AMP
Audio by Harman/Kardon
Dolby Atmos"
//www.thegioididong.com/laptop/msi-modern-15-b12mo-i7-487vn,Card tích hợp - Intel Iris Xe Graphics,"Hệ thống âm thanh 6 loa
Spatial Audio
3 microphones
Dolby Atmos"
//www.thegioididong.com/laptop/asus-vivobook-s-16-oled-s5606ma-ultra-5-mx050w,Card tích hợp - Intel Arc Graphics,Không có
//www.thegioididong.com/laptop/macbook-pro-14-inch-m4-16gb-512gb,Card tích hợp - 10 nhân GPU,Dolby Audio
//www.thegioididong.com/laptop/msi-titan-18-hx-ai-a2xwig-ultra-9-090vn,Không có,Realtek Audio
//www.thegioididong.com/laptop/lenovo-thinkbook-16-g7-ultra-7-21ms007hvn,Card tích hợp - Intel Graphics,Realtek Audio
//www.thegioididong.com/laptop/dell-inspiron-15-3520-i5-n3520-i5u085w11slu,Card tích hợp - Intel UHD Graphics (Iris Xe Graphics chỉ hoạt động với RAM kênh đôi),"Audio by B&O
Realtek High Definition Audio
HP Audio Boost"
//www.thegioididong.com/laptop/macbook-air-13-inch-m4-32gb-256gb,Card tích hợp - 10 nhân GPU,Realtek Audio
//www.thegioididong.com/laptop/dell-inspiron-15-3530-i7-71026454,Card tích hợp - Intel Iris Xe Graphics,SonicMaster audio
//www.thegioididong.com/laptop/hp-pavilion-15-eg3095tu-i5-8c5l6pa?utm_flashsale=1,Card tích hợp - Intel Iris Xe Graphics,Realtek High Definition Audio
//www.thegioididong.com/laptop/dell-inspiron-15-3520-i5-71043883,Card tích hợp - Intel Iris Xe Graphics,"Công nghệ Smart AMP
Audio by Harman/Kardon
Dolby Atmos"
//www.thegioididong.com/laptop/asus-vivobook-15-x1504va-i3-nj1634w?utm_flashsale=1,Card tích hợp - Intel UHD Graphics,"Hi-Res Audio
Dolby Atmos"
//www.thegioididong.com/laptop/dell-inspiron-15-3520-i7-25p2315,Card tích hợp - Intel Iris Xe Graphics,"Công nghệ Smart AMP
Audio by Harman/Kardon
Dolby Atmos"
//www.thegioididong.com/laptop/asus-zenbook-14-oled-ux3405ma-ultra-5-pp151w,Card tích hợp - Intel Arc Graphics,Dolby Audio
//www.thegioididong.com/laptop/asus-fa401wv-r9-ai-rg062ws,"Card rời - NVIDIA GeForce RTX 4060, 8 GB",Realtek Audio
//www.thegioididong.com/laptop/asus-zenbook-14-oled-i5-km657w?utm_flashsale=1,Card tích hợp - Intel Iris Xe Graphics,Realtek Audio
//www.thegioididong.com/laptop/lenovo-ideapad-slim-3-15iah8-i5-83er00evn,Card tích hợp - Intel UHD Graphics,SonicMaster audio
//www.thegioididong.com/laptop/dell-inspiron-7440-core-7-n7440c7u161w11ibu,Card tích hợp - Intel Graphics,Không có
//www.thegioididong.com/laptop/dell-inspiron-15-3530-i7-n5i7305w1,Card tích hợp - Intel Iris Xe Graphics,Realtek High Definition Audio
//www.thegioididong.com/laptop/asus-vivobook-15-oled-a1505va-i5-ma467w,Card tích hợp - Intel Iris Xe Graphics,Dolby Audio
//www.thegioididong.com/laptop/msi-vector-16-hx-ai-a2xwig-ultra-9-062vn,Không có,"Audio by Harman/Kardon
Dolby Atmos"
//www.thegioididong.com/laptop/hp-240-g9-i5-9t2g2pt,Card tích hợp - Intel UHD Graphics (Iris Xe Graphics chỉ hoạt động với RAM kênh đôi),"Audio by B&O
Realtek High Definition Audio"
//www.thegioididong.com/laptop/lenovo-ideapad-slim-3-15amn8-r5-82xq00j0vn,Card tích hợp - AMD Radeon 610M Graphics,"Hi-Res Audio
Nahimic Audio"
//www.thegioididong.com/laptop/lenovo-thinkpad-e14-ultra-7-21m7004uvn,Card tích hợp - Intel Graphics,Không có
//www.thegioididong.com/laptop/macbook-pro-16-inch-m4-max-128gb-1tb,Card tích hợp - 40 nhân GPU,SonicMaster audio
//www.thegioididong.com/laptop/hp-pavilion-15-eg2088tu-i7-7c0r0pa?utm_flashsale=1,Card tích hợp - Intel Iris Xe Graphics,Hi-Res Audio
//www.thegioididong.com/laptop/msi-gf63-thin-12ve-i5-460vn,"Card rời - NVIDIA GeForce RTX 4050, 6 GB","Hi-Res Audio
Dolby Atmos"
//www.thegioididong.com/laptop/lenovo-thinkbook-14-g6-i7-21kg00bqvn,Không có,SonicMaster audio
//www.thegioididong.com/laptop/asus-vivobook-16-a1607ca-ultra-5-mb038ws,Card tích hợp - Intel Graphics,Hi-Res Audio
//www.thegioididong.com/laptop/msi-gaming-katana-a15-ai-b8ve-r7-402vn,"Card rời - NVIDIA GeForce RTX 4050, 6 GB",Realtek High Definition Audio
//www.thegioididong.com/laptop/asus-tuf-gaming-a15-fa507nv-r7-lp031w?utm_flashsale=1,"Card rời - NVIDIA GeForce RTX 4060, 8 GB","Hệ thống âm thanh 6 loa
3 microphones
Dolby Atmos"
//www.thegioididong.com/laptop/asus-vivobook-x1404za-i3-nk246w,Card tích hợp - Intel UHD Graphics,"Hệ thống âm thanh 6 loa
3 microphones
Dolby Atmos"
//www.thegioididong.com/laptop/msi-cyborg-15-a13vek-i7-1423vn,"Card rời - NVIDIA GeForce RTX 4050, 6 GB","Hi-Res Audio
DTS Audio"
//www.thegioididong.com/laptop/hp-elitebook-x360-830-g11-ultra-7-a7rc0pt,Card tích hợp - Intel Graphics,"Công nghệ Smart AMP
Dolby Atmos"
//www.thegioididong.com/laptop/macbook-air-15-inch-m4-16gb-1tb,Card tích hợp - 10 nhân GPU,Cirrus Logic High Definition Audio
//www.thegioididong.com/laptop/macbook-air-15-inch-m4-16gb-512gb,Card tích hợp - 10 nhân GPU,Dolby Audio
//www.thegioididong.com/laptop/asus-fa506ncr-r7-hn097w,"Card rời - NVIDIA GeForce RTX 3050, 4 GB",Dolby Audio
//www.thegioididong.com/laptop/lenovo-yoga-7-14imh9-ultra7-83cv001vvn,Card tích hợp - Intel Arc Graphics,Acer Purified Voice
//www.thegioididong.com/laptop/dell-vostro-15-3520-i5-5m2tt2,Card tích hợp - Intel UHD Graphics (Iris Xe Graphics chỉ hoạt động với RAM kênh đôi),"3 microphones
4 Loa
Dolby Atmos"
//www.thegioididong.com/laptop/lenovo-ideapad-5-2in1-14q8x9-x1p-42-100-83gh001fvn,Card tích hợp - Qualcomm Adreno GPU,SonicMaster audio
//www.thegioididong.com/laptop/lenovo-ideapad-slim-5-oled-15arp10-r7-83j3001dvn,Card tích hợp - AMD Radeon 680M Graphics,Realtek Audio
//www.thegioididong.com/laptop/acer-aspire-a315-44p-r9w8-r7-nxksjsv002,Card tích hợp - AMD Radeon Graphics,"Hi-Res certification
Công nghệ Smart AMP
Dolby Atmos"
//www.thegioididong.com/laptop/macbook-air-13-inch-m4-24gb-1tb,Card tích hợp - 10 nhân GPU,Realtek Audio
//www.thegioididong.com/laptop/asus-vivobook-15-x1504za-i5-nj1546w,Card tích hợp - Intel Iris Xe Graphics,Dolby Audio
//www.thegioididong.com/laptop/dell-inspiron-15-3530-i5-n5i5530w1,Card tích hợp - Intel Iris Xe Graphics,Nahimic Audio
//www.thegioididong.com/laptop/asus-g614ju-i7-n3206w,"Card rời - NVIDIA GeForce RTX 4050, 6 GB",X ULTRA
//www.thegioididong.com/laptop/dell-vostro-15-3520-i5-i5u165w11gru?utm_flashsale=1,Card tích hợp - Intel Iris Xe Graphics,Acer Purified Voice
//www.thegioididong.com/laptop/lenovo-v15-g4-iru-i5-83a1000lvn?utm_flashsale=1,Card tích hợp - Intel Iris Xe Graphics,Dolby Audio
//www.thegioididong.com/laptop/lenovo-loq-15iax9e-i5-83lk0079vn,"Card rời - NVIDIA GeForce RTX 3050, 6 GB",Nahimic Audio
//www.thegioididong.com/laptop/gigabyte-g6-kf-rc56-i7-9rc56kf0hjjanivn000,"Card rời - NVIDIA GeForce RTX 4060, 8 GB","Audio by B&O
HP Audio Boost"
//www.thegioididong.com/laptop/acer-aspire-a515-58gm-53pz-i5-nxkq4sv008,"Card rời - NVIDIA GeForce RTX 2050, 4 GB","Hi-Res Audio
DTS Audio"
//www.thegioididong.com/laptop/lenovo-ideapad-slim-3-15irh8-i7-83em003fvn,Card tích hợp - Intel UHD Graphics,"Hệ thống âm thanh 6 loa
3 microphones
Dolby Atmos"
//www.thegioididong.com/laptop/lenovo-loq-15irx9-i7-83dv00ugvn,"Card rời - NVIDIA GeForce RTX 4050, 6 GB",Realtek Audio
//www.thegioididong.com/laptop/hp-victus-16-s0078ax-r5-8c5n7pa?utm_flashsale=1,"Card rời - NVIDIA GeForce RTX 3050, 6 GB",Acer Purified Voice
//www.thegioididong.com/laptop/asus-tuf-gaming-a15-fa506nc-r5-hn017w?utm_flashsale=1,"Card rời - NVIDIA GeForce RTX 3050, 4 GB",Stereo speakers
//www.thegioididong.com/laptop/macbook-air-15-inch-m4-16gb-256gb,Card tích hợp - 10 nhân GPU,SonicMaster audio
//www.thegioididong.com/laptop/dell-inspiron-14-5430-i5-i5p165w11sl2050?utm_flashsale=1,"Card rời - NVIDIA GeForce RTX 2050, 4 GB",Nahimic Audio
//www.thegioididong.com/laptop/acer-aspire-5-a514-56p-54tn-i5-nxkhrsv004?utm_flashsale=1,Card tích hợp - Intel Iris Xe Graphics,"Acer Purified Voice
Acer TrueHarmony
DTS:X ULTRA"
//www.thegioididong.com/laptop/acer-aspire-lite-al14-52m-54cj-i5-nxj39sv002,Card tích hợp - Intel UHD Graphics (Iris Xe Graphics chỉ hoạt động với RAM kênh đôi),"Audio by B&O
Realtek High Definition Audio"
//www.thegioididong.com/laptop/asus-vivobook-15-oled-a1505va-i5-l1341w,Card tích hợp - Intel Iris Xe Graphics,Realtek High Definition Audio
//www.thegioididong.com/laptop/lenovo-loq-15iax9-i5-83gs00d9vn,"Card rời - NVIDIA GeForce RTX 3050, 6 GB",Không có
//www.thegioididong.com/laptop/acer-swift-ai-sf14-51-75vp-ultra-7-nxj2ksv001,Card tích hợp - Intel Arc 140V,"Built-in speaker
SonicMaster audio"
//www.thegioididong.com/laptop/hp-victus-16-s0138ax-r7-9q985pa,"Card rời - NVIDIA GeForce RTX 4070, 8 GB","Acer Purified Voice
Acer TrueHarmony
DTS:X ULTRA"
//www.thegioididong.com/laptop/msi-gaming-gf63-thin-12uc-i7-887vn,"Card rời - NVIDIA GeForce RTX 3050, 4 GB",Realtek Audio
//www.thegioididong.com/laptop/acer-predator-helios-18-ai-ph18-73-93p0-ultra-9-nhqvysv001,Không có,Dolby Atmos
//www.thegioididong.com/laptop/asus-asus-vivobook-15-oled-a1505za-i5-ma415w,Card tích hợp - Intel Iris Xe Graphics,Stereo speakers
//www.thegioididong.com/laptop/acer-swift-go-14-ai-73-53x7-ultra-5-nxkslsv001,Card tích hợp - Intel Arc Graphics,Nahimic Audio
//www.thegioididong.com/laptop/dell-inspiron-15-3520-i5-71027003?utm_flashsale=1,Card tích hợp - Intel UHD Graphics (Iris Xe Graphics chỉ hoạt động với RAM kênh đôi),X ULTRA
//www.thegioididong.com/laptop/lg-gram-14z90s-ultra-5-14z90sgah55a5,Card tích hợp - Intel Arc Graphics,Nahimic Audio
//www.thegioididong.com/laptop/macbook-pro-16-inch-m4-pro-24gb-512gb,Card tích hợp - 20 nhân GPU,Hi-Res Audio
//www.thegioididong.com/laptop/acer-aspire-lite-15-51m-55nb-i5-nxkrssv001,Card tích hợp - Intel Iris Xe Graphics,Dolby Atmos
//www.thegioididong.com/laptop/lenovo-loq-15iax9-i5-83gs00dbvn,"Card rời - NVIDIA GeForce RTX 2050, 4 GB",Không có
//www.thegioididong.com/laptop/gigabyte-g5-mf5-rc555-i5-9rc55mf5feiaa1vn0c0?utm_flashsale=1,"Card rời - NVIDIA GeForce RTX 4050, 6 GB",2 x 2W Speaker
//www.thegioididong.com/laptop/lenovo-legion-5-16irx9-i7-83dg0051vn?utm_flashsale=1,"Card rời - NVIDIA GeForce RTX 4060, 8 GB","3 microphones
4 Loa
Dolby Atmos"
//www.thegioididong.com/laptop/msi-gaming-cyborg-15-ai-a1vek-ultra-7-053vn,"Card rời - NVIDIA GeForce RTX 4050, 6 GB","Acer Purified Voice
Acer TrueHarmony"
//www.thegioididong.com/laptop/lg-gram-17z90s-ultra-7-17z90sgah78a5,Card tích hợp - Intel Arc Graphics,Realtek Audio
//www.thegioididong.com/laptop/acer-predator-helios-neo-16s-ai-phn16s-71-94t0-ultra-9-nhqx7sv001,Không có,"Công nghệ Smart AMP
Audio by Harman/Kardon"
//www.thegioididong.com/laptop/msi-cyborg-15-a13vfk-i7-876vn,"Card rời - NVIDIA GeForce RTX 4060, 8 GB",Realtek High Definition Audio
//www.thegioididong.com/laptop/macbook-air-13-inch-m4-32gb-1tb,Card tích hợp - 10 nhân GPU,Dolby Atmos
//www.thegioididong.com/laptop/acer-aspire-16-ai-a16-71m-59l5-ultra-5-nxj4ysv001,Card tích hợp - Intel Arc Graphics,Nahimic Audio
//www.thegioididong.com/laptop/dell-vostro-15-3520-i5-v5i5610w1,Card tích hợp - Intel UHD Graphics (Iris Xe Graphics chỉ hoạt động với RAM kênh đôi),Không có
//www.thegioididong.com/laptop/asus-ux5406sa-ultra-7-pv140ws,Card tích hợp - Intel Arc Graphics,Realtek High Definition Audio
//www.thegioididong.com/laptop/asus-vivobook-15-x1504va-nj023w?utm_flashsale=1,Card tích hợp - Intel Iris Xe Graphics,Dolby Audio
//www.thegioididong.com/laptop/hp-240-g10-i5-9h2e4pt,Card tích hợp - Intel UHD Graphics (Iris Xe Graphics chỉ hoạt động với RAM kênh đôi),"Waves MaxxAudio Pro
Dolby Atmos"
//www.thegioididong.com/laptop/lenovo-thinkpad-x1-carbon-ultra-7-21kc008nvn,Card tích hợp - Intel Arc Graphics,Realtek Audio
//www.thegioididong.com/laptop/lenovo-loq-15iax9-i5-83jc003yvn,"Card rời - NVIDIA GeForce RTX 4060, 8 GB","Realtek High Definition Audio
HP Audio Boost
Bang & Olufsen audio
DTS:X ULTRA"
//www.thegioididong.com/laptop/lenovo-legion-pro-7-16irx9h-i9-83de001mvn,Không có,Acer TrueHarmony
//www.thegioididong.com/laptop/hp-elitebook-630-g10-i7-873f2pa?utm_flashsale=1,Card tích hợp - Intel UHD Graphics (Iris Xe Graphics chỉ hoạt động với RAM kênh đôi),"Audio by Harman/Kardon
Nahimic Audio"
//www.thegioididong.com/laptop/lenovo-ideapad-5-14iah8-i5-83bf003wvn,Card tích hợp - Intel UHD Graphics,High Definition (HD) Audio
//www.thegioididong.com/laptop/dell-inspiron-14-5440-core-7-7fn5j,Card tích hợp - Intel Graphics,4 x 2W Speaker
//www.thegioididong.com/laptop/dell-latitude-5350-ultra-7-165u-vpro-l5350165u16512w,Card tích hợp - Intel Graphics,Realtek High Definition Audio
//www.thegioididong.com/laptop/hp-omen-16-xf0071ax-r7-8w946pa,"Card rời - NVIDIA GeForce RTX 4060, 8 GB",Acer Purified Voice
//www.thegioididong.com/laptop/acer-aspire-a514-54-5127-i5-nxa28sv007?utm_flashsale=1,Card tích hợp - Intel Iris Xe Graphics,"Hệ thống âm thanh 6 loa
Spatial Audio
3 microphones
Dolby Atmos"
//www.thegioididong.com/laptop/lenovo-legion-7-16irx9-i9-83fd004mvn,"Card rời - NVIDIA GeForce RTX 4070, 8 GB",Không có
//www.thegioididong.com/laptop/lenovo-v14-core-5-83hd0001vn?utm_flashsale=1,Card tích hợp - Intel Graphics,Dolby Audio
//www.thegioididong.com/laptop/msi-creator-z17-hx-studio-a14vgt-i7-272vn,"Card rời - NVIDIA GeForce RTX 4070, 8 GB",Realtek Audio
//www.thegioididong.com/laptop/hp-probook-460-g11-ultra-7-a74c0pt?utm_flashsale=1,Card tích hợp - Intel Graphics,Realtek Audio
//www.thegioididong.com/laptop/acer-aspire-5-a515-58m-56yx-i5-nxkq8sv005,Card tích hợp - Intel UHD Graphics,Công nghệ Smart AMP
//www.thegioididong.com/laptop/macbook-pro-14-nano-m4-16-512,Card tích hợp - 10 nhân GPU,SonicMaster audio
//www.thegioididong.com/laptop/hp-victus-16-r0228tx-i5-9q979pa,Không có,Realtek Audio
//www.thegioididong.com/laptop/lenovo-thinkbook-14-ultra-7-21mr0072vn,Card tích hợp - Intel Graphics,Không có
//www.thegioididong.com/laptop/dell-inspiron-15-3520-i5-n5i5052w1,Card tích hợp - Intel Iris Xe Graphics,"3 microphones
4 Loa
Dolby Atmos"
//www.thegioididong.com/laptop/dell-inspiron-3530-i5-1335u-i5u085w11blu,Card tích hợp - Intel UHD Graphics (Iris Xe Graphics chỉ hoạt động với RAM kênh đôi),Không có
//www.thegioididong.com/laptop/asus-zenbook-14-ux3405ca-ultra-5-pz187ws,Card tích hợp - Intel Arc Graphics,Dolby Audio
//www.thegioididong.com/laptop/asus-vivobook-k3605zf-i5-rp745w,"Card rời - NVIDIA GeForce RTX 2050, 4 GB",Dolby Audio
//www.thegioididong.com/laptop/dell-inspiron-15-3520-i5-25p231,Card tích hợp - Intel Iris Xe Graphics,Realtek Audio
//www.thegioididong.com/laptop/asus-fa506nfr-r7-hn113w,Không có,"Spatial Audio
Acer Purified Voice
Acer TrueHarmony
DTS:X ULTRA"
//www.thegioididong.com/laptop/macbook-air-13-inch-m4-16gb-1tb,Card tích hợp - 10 nhân GPU,"3 microphones
Headphones
Loa kép (2 kênh)"
//www.thegioididong.com/laptop/acer-predator-helios-neo-16s-ai-phn16s-71-95ms-ultra-9-nhqx7sv002,Không có,Hi-Res Audio
//www.thegioididong.com/laptop/lenovo-ideapad-slim-3-16irh10-i5-83k20003vn,Card tích hợp - Intel UHD Graphics,Realtek Audio
//www.thegioididong.com/laptop/lenovo-ideapad-slim-5-14ahp10-r7-83hv001mvn,Card tích hợp - Đang cập nhật,"Audio by B&O
HP Audio Boost"
//www.thegioididong.com/laptop/dell-inspiron-16-5640-core-7-n5640c7u161w11ibu,Card tích hợp - Intel Graphics,Dolby Audio
//www.thegioididong.com/laptop/acer-nitro-v-15-anv15-41-r2up-r5-nhqpgsv004,"Card rời - NVIDIA GeForce RTX 2050, 4 GB","Hi-Res Audio
Nahimic Audio"
//www.thegioididong.com/laptop/apple-macbook-air-2020-mgn63saa,Card tích hợp - 7 nhân GPU,"Hệ thống âm thanh 6 loa
Spatial Audio
3 microphones
Dolby Atmos"
//www.thegioididong.com/laptop/msi-gaming-sword-16-hx-b14vfkg-i7-045vn,"Card rời - NVIDIA GeForce RTX 4060, 8 GB",Dolby Audio
//www.thegioididong.com/laptop/dell-latitude-3440-i7-71038103?utm_flashsale=1,Card tích hợp - Intel Iris Xe Graphics,"Audio by B&O
Realtek High Definition Audio"
//www.thegioididong.com/laptop/dell-inspiron-15-3520-i7-71053682,Card tích hợp - Intel Iris Xe Graphics,Nahimic Audio
//www.thegioididong.com/laptop/hp-victus-16-r0127tx-i7-8c5n2pa,"Card rời - NVIDIA GeForce RTX 4060, 8 GB","Audio by B&O
Realtek High Definition Audio
HP Audio Boost"
//www.thegioididong.com/laptop/lenovo-ideapad-slim-3-15irh10-i7-83k1000jvn,Card tích hợp - Intel UHD Graphics,"Poly Studio
Realtek High Definition Audio"
//www.thegioididong.com/laptop/msi-gaming-gf63-thin-12ve-i5-460vn,"Card rời - NVIDIA GeForce RTX 4050, 6 GB","Spatial Audio
3 microphones
4 Loa
Dolby Atmos"
//www.thegioididong.com/laptop/macbook-pro-14-inch-m4-pro-24gb-512gb?utm_flashsale=1,Card tích hợp - 16 nhân GPU,"Audio by B&O
Realtek High Definition Audio"
//www.thegioididong.com/laptop/lenovo-ideapad-slim-3-15irh10-i5-83k1000hvn,Card tích hợp - Intel UHD Graphics,Nahimic Audio
//www.thegioididong.com/laptop/hp-pavilion-15-eg2082tu-i5-7c0q5pa,Card tích hợp - Intel Iris Xe Graphics,"Công nghệ Smart AMP
Audio by Harman/Kardon
Dolby Atmos"
//www.thegioididong.com/laptop/lenovo-loq-gaming-15iax9-i5-83gs000jvn,"Card rời - NVIDIA GeForce RTX 3050, 6 GB",Realtek High Definition Audio
//www.thegioididong.com/laptop/hp-pavilion-15-eg3094tu-i5-8c5l5pa?utm_flashsale=1,Card tích hợp - Intel Iris Xe Graphics,Stereo speakers
//www.thegioididong.com/laptop/hp-elitebook-630-g11-ultra-7-a7lc5pt,Card tích hợp - Intel Graphics,Nahimic Audio
//www.thegioididong.com/laptop/macbook-air-13-inch-m2-16gb-512gb-70w,Card tích hợp - 10 nhân GPU,SonicMaster audio
//www.thegioididong.com/laptop/hp-pavilion-15-eg2081tu-i5-7c0q4pa,Card tích hợp - Intel Iris Xe Graphics,Realtek High Definition Audio
//www.thegioididong.com/laptop/lenovo-loq-15iax9e-i5-83lk000bvn,"Card rời - NVIDIA GeForce RTX 2050, 4 GB",Stereo speakers
//www.thegioididong.com/laptop/asus-zenbook-14-oled-ux3405ma-ultra-9-pp475w?utm_flashsale=1,Card tích hợp - Intel Arc Graphics,"3 microphones
4 Loa
Dolby Atmos"
//www.thegioididong.com/laptop/hp-15-fd0234tu-i5-9q969pa,Card tích hợp - Intel Iris Xe Graphics,Loa kép (2 kênh)
//www.thegioididong.com/laptop/acer-aspire-lite-14-51m-59bn-i5-nxktxsv001,Card tích hợp - Intel UHD Graphics (Iris Xe Graphics chỉ hoạt động với RAM kênh đôi),X ULTRA
//www.thegioididong.com/laptop/lenovo-legion-slim-5-16ahp9-r7-83dh003bvn,"Card rời - NVIDIA GeForce RTX 4060, 8 GB",Không có
//www.thegioididong.com/laptop/asus-vivobook-16-x1605va-i7-mb1875ws,Card tích hợp - Intel Iris Xe Graphics,Realtek High Definition Audio
//www.thegioididong.com/laptop/hp-probook-450-g10-i5-873d1pa?utm_flashsale=1,Card tích hợp - Intel UHD Graphics (Iris Xe Graphics chỉ hoạt động với RAM kênh đôi),"Hi-Res Audio
Dolby Atmos"
//www.thegioididong.com/laptop/samsung-galaxy-chromebook-go-xe310xda-n4500,Card tích hợp - Intel UHD Graphics,Realtek Audio
//www.thegioididong.com/laptop/macbook-air-13-inch-m4-24gb-512gb,Card tích hợp - 10 nhân GPU,"Hi-Res Audio
Công nghệ Smart AMP
Dolby Atmos"
//www.thegioididong.com/laptop/hp-15-fc0085au-r5-a6vv8pa,Card tích hợp - AMD Radeon Graphics,Không có
//www.thegioididong.com/laptop/gigabyte-aorus-16x-x6lag-i7-9rx6lasgddjixdvn010,"Card rời - NVIDIA GeForce RTX 4070, 8 GB",Không có
//www.thegioididong.com/laptop/msi-modern-15-b12mo-i5-628vn,Không có,Không có
//www.thegioididong.com/laptop/hp-elitebook-630-g10-i5-9j0b5pt,Card tích hợp - Intel UHD Graphics (Iris Xe Graphics chỉ hoạt động với RAM kênh đôi),Không có
//www.thegioididong.com/laptop/asus-tuf-gaming-f15-fx507zc4-i7-hni7mw,"Card rời - NVIDIA GeForce RTX 3050, 4 GB",Không có
//www.thegioididong.com/laptop/dell-inspiron-15-3520-i5-n5i5057w1,Card tích hợp - Intel Iris Xe Graphics,Không có
//www.thegioididong.com/laptop/asus-rog-strix-g16-g614ju-i7-n3509w,"Card rời - NVIDIA GeForce RTX 4050, 6 GB",Không có
//www.thegioididong.com/laptop/dell-inspiron-16-5640-core-7-khpf5,Không có,Không có
//www.thegioididong.com/laptop/lenovo-ideapad-slim-5-14q8x9-x1p-42-100-83hl000kvn,Không có,Không có
//www.thegioididong.com/laptop/hp-gaming-victus-16-s0077ax-r7-8c5n6pa?utm_flashsale=1,Không có,Không có
//www.thegioididong.com/laptop/lenovo-ideapad-slim-5-14imh9-ultra-7-83da001yvn,Không có,Không có
//www.thegioididong.com/laptop/hp-15-fd1063tu-ultra-5-9z2y1pa,Không có,Không có
//www.thegioididong.com/laptop/macbook-air-15-inch-m4-32gb-1tb,Không có,Không có
//www.thegioididong.com/laptop/dell-latitude-3440-i5-l3440i51235u16g512g,Không có,Không có
//www.thegioididong.com/laptop/asus-vivobook-s-16-m5606ka-r7-ai-350-ri016ws,Không có,Không có
//www.thegioididong.com/laptop/asus-fa507nvr-r7-lp007w,Không có,Không có
//www.thegioididong.com/laptop/asus-vivobook-15-x1504za-i3-nj102w,Không có,Không có
//www.thegioididong.com/laptop/asus-vivobook-s-14-s5406sa-ultra-7-pp059ws,Không có,Không có
//www.thegioididong.com/laptop/acer-swift-go-14-41-r251-r5-nxkg3sv005,Không có,Không có
//www.thegioididong.com/laptop/msi-stealth-14-ai-studio-a1vfg-ultra-7-085vn,Không có,Không có
//www.thegioididong.com/laptop/lenovo-loq-15iax9e-i5-83lk0036vn,Không có,Không có
//www.thegioididong.com/laptop/lenovo-ideapad-1-15alc7-r7-82r400c1vn,Không có,Không có
//www.thegioididong.com/laptop/msi-prestige-13-ai-a2vmg-ultra-7-258v-040vn,Không có,Không có
//www.thegioididong.com/laptop/lenovo-ideapad-slim-3-14irh10-i5-83k0000avn,Không có,Không có
//www.thegioididong.com/laptop/asus-vivobook-15-oled-a1505za-i5-l1337w?utm_flashsale=1,Không có,Không có
//www.thegioididong.com/laptop/acer-nitro-v-anv15-51-57b2-i5-nhqn8sv001?utm_flashsale=1,Không có,Không có
//www.thegioididong.com/laptop/asus-vivobook-15-x1504va-i5-nj025w?utm_flashsale=1,Không có,Không có
//www.thegioididong.com/laptop/hp-probook-450-g10-i7-873d3pa?utm_flashsale=1,Không có,Không có
//www.thegioididong.com/laptop/dell-inspiron-15-3530-i7-n3530i7u161w11blufp,Không có,Không có
//www.thegioididong.com/laptop/msi-raider-18-hx-ai-a2xwig-ultra-9-033vn,Không có,Không có
//www.thegioididong.com/laptop/dell-inspiron-15-3530-i5-p16wd2,Không có,Không có
//www.thegioididong.com/laptop/hp-gaming-victus-16-r0130tx-i5-8c5n5pa?utm_flashsale=1,Không có,Không có
//www.thegioididong.com/laptop/asus-vivobook-14-a1407ca-ultra-5-ly008ws,Không có,Không có
//www.thegioididong.com/laptop/hp-pavilion-15-eg3091tu-i7-8c5l2pa,Không có,Không có
//www.thegioididong.com/laptop/dell-inspiron-14-5440-i5-ndy5v1,Không có,Không có
//www.thegioididong.com/laptop/hp-elitebook-630-g10-i5-19j0b4pt?utm_flashsale=1,Không có,Không có
//www.thegioididong.com/laptop/lenovo-yoga-slim-7-15ill9-ultra-7-83hm000gvn,Không có,Không có
//www.thegioididong.com/laptop/acer-nitro-v-anv15-51-55ca-i5-nhqn8sv004,Không có,Không có
//www.thegioididong.com/laptop/asus-zenbook-14-ux3405ca-ultra-9-pz204ws,Không có,Không có
//www.thegioididong.com/laptop/dell-vostro-3520-i5-71030559,Không có,Không có
//www.thegioididong.com/laptop/asus-tuf-gaming-a15-fa506nf-r5-hn012w?utm_flashsale=1,Không có,Không có
//www.thegioididong.com/laptop/asus-zenbook-14-ux3405ca-ultra-7-pz368ws,Không có,Không có
//www.thegioididong.com/laptop/hp-15s-fq5147tu-i7-7c133pa?utm_flashsale=1,Không có,Không có
//www.thegioididong.com/laptop/asus-vivobook-14-x1404va-i5-nk050w,Không có,Không có
//www.thegioididong.com/laptop/lenovo-ideapad-5-2in1-14irh9-i5-83kx003wvn,Không có,Không có
